"","id","country","GII","HDI","cd1","cd2","cd3","cd4","aggression"
"1",1,1,20,24,0,0,1,1,1
"2",2,1,20,24,0,0,1,1,1
"3",3,1,20,24,0,0,1,1,1
"4",4,1,20,24,0,0,0,0,1
"5",5,1,20,24,1,0,1,1,0
"6",6,1,20,24,0,0,1,1,1
"7",7,1,20,24,1,0,1,1,0
"8",8,1,20,24,1,0,1,1,1
"9",9,1,20,24,0,0,1,1,0
"10",10,1,20,24,1,0,1,1,1
"11",11,1,20,24,1,0,1,1,1
"12",12,1,20,24,1,0,0,1,1
"13",13,1,20,24,0,0,0,0,0
"14",14,1,20,24,1,0,1,1,1
"15",15,1,20,24,1,0,1,1,1
"16",16,1,20,24,1,0,0,0,1
"17",17,1,20,24,1,0,1,1,1
"18",18,1,20,24,1,0,1,1,1
"19",19,1,20,24,1,0,0,1,0
"20",20,1,20,24,1,0,1,0,1
"21",21,1,20,24,1,0,0,1,1
"22",22,1,20,24,0,0,1,0,1
"23",23,1,20,24,0,0,1,0,0
"24",24,1,20,24,1,0,1,1,1
"25",25,1,20,24,0,0,0,1,1
"26",26,1,20,24,1,0,1,0,1
"27",27,1,20,24,0,0,1,1,0
"28",28,1,20,24,0,0,1,1,1
"29",29,1,20,24,0,0,1,0,1
"30",30,1,20,24,1,0,1,0,1
"31",31,1,20,24,0,0,1,1,1
"32",32,1,20,24,0,0,1,1,1
"33",33,1,20,24,0,0,0,1,0
"34",34,1,20,24,1,0,0,1,0
"35",35,1,20,24,0,0,0,1,1
"36",36,1,20,24,1,0,1,0,0
"37",37,1,20,24,1,0,0,1,1
"38",38,1,20,24,1,0,1,1,0
"39",39,1,20,24,0,0,0,1,1
"40",40,1,20,24,1,0,0,1,0
"41",41,1,20,24,0,0,1,1,1
"42",42,1,20,24,0,0,0,0,1
"43",43,1,20,24,0,0,0,1,0
"44",44,1,20,24,0,0,1,1,1
"45",45,1,20,24,0,0,1,1,1
"46",46,1,20,24,0,0,0,0,1
"47",47,1,20,24,1,0,1,1,1
"48",48,1,20,24,0,0,0,1,1
"49",49,1,20,24,0,0,1,0,0
"50",50,1,20,24,0,0,1,1,1
"51",51,1,20,24,1,0,1,1,1
"52",52,1,20,24,0,1,1,1,1
"53",53,1,20,24,0,0,0,1,0
"54",54,1,20,24,1,0,0,1,1
"55",55,1,20,24,0,0,0,1,1
"56",56,1,20,24,0,0,1,1,1
"57",57,1,20,24,1,0,1,1,1
"58",58,1,20,24,0,0,0,0,0
"59",59,1,20,24,0,0,1,1,1
"60",60,1,20,24,1,0,1,1,0
"61",61,1,20,24,0,0,0,0,0
"62",62,1,20,24,0,0,1,1,0
"63",63,1,20,24,0,1,1,1,1
"64",64,1,20,24,1,0,1,1,0
"65",65,1,20,24,1,0,1,1,1
"66",66,1,20,24,0,0,1,1,1
"67",67,1,20,24,1,0,0,0,1
"68",68,1,20,24,0,0,1,1,0
"69",69,1,20,24,1,0,0,0,1
"70",70,1,20,24,1,0,1,0,0
"71",71,1,20,24,0,0,1,1,0
"72",72,1,20,24,0,0,1,0,1
"73",73,1,20,24,0,0,1,0,1
"74",74,1,20,24,0,1,1,1,1
"75",75,1,20,24,0,0,0,1,1
"76",76,1,20,24,0,0,0,0,0
"77",77,1,20,24,0,0,1,1,0
"78",78,1,20,24,0,0,1,1,1
"79",79,1,20,24,0,0,0,1,1
"80",80,1,20,24,0,0,1,1,1
"81",81,1,20,24,1,0,1,1,1
"82",82,1,20,24,0,0,1,1,0
"83",83,1,20,24,0,0,1,1,1
"84",84,1,20,24,0,0,1,1,1
"85",85,1,20,24,0,0,1,0,1
"86",86,1,20,24,0,1,1,0,1
"87",87,1,20,24,1,0,1,1,1
"88",88,1,20,24,0,0,1,0,1
"89",89,1,20,24,0,0,1,1,1
"90",90,1,20,24,1,0,0,1,0
"91",91,1,20,24,0,0,1,0,0
"92",92,1,20,24,1,0,1,0,1
"93",93,1,20,24,0,0,1,1,0
"94",94,1,20,24,1,0,1,1,1
"95",95,1,20,24,0,0,1,1,1
"96",96,1,20,24,0,0,0,1,1
"97",97,1,20,24,1,0,1,1,1
"98",98,1,20,24,0,0,0,1,0
"99",99,1,20,24,0,0,1,1,0
"100",100,1,20,24,0,0,0,1,1
"101",101,2,26,22,0,0,0,1,1
"102",102,2,26,22,0,0,1,1,1
"103",103,2,26,22,1,0,0,1,1
"104",104,2,26,22,1,0,0,1,1
"105",105,2,26,22,1,0,0,1,0
"106",106,2,26,22,0,0,0,1,0
"107",107,2,26,22,0,0,1,1,0
"108",108,2,26,22,0,0,1,1,0
"109",109,2,26,22,1,0,1,1,1
"110",110,2,26,22,1,0,1,1,1
"111",111,2,26,22,1,1,1,1,0
"112",112,2,26,22,0,1,1,0,1
"113",113,2,26,22,1,1,0,0,1
"114",114,2,26,22,0,0,1,1,0
"115",115,2,26,22,0,0,1,1,1
"116",116,2,26,22,1,0,0,0,1
"117",117,2,26,22,1,0,0,1,0
"118",118,2,26,22,0,1,1,1,1
"119",119,2,26,22,1,0,0,1,1
"120",120,2,26,22,0,0,1,1,1
"121",121,2,26,22,0,0,0,1,0
"122",122,2,26,22,1,0,1,1,0
"123",123,2,26,22,0,0,1,1,1
"124",124,2,26,22,0,1,0,1,0
"125",125,2,26,22,1,0,1,0,1
"126",126,2,26,22,0,0,1,1,0
"127",127,2,26,22,0,0,1,1,1
"128",128,2,26,22,1,0,1,1,0
"129",129,2,26,22,0,0,1,0,1
"130",130,2,26,22,1,0,0,1,1
"131",131,2,26,22,1,0,0,1,0
"132",132,2,26,22,1,0,0,1,0
"133",133,2,26,22,0,0,0,1,0
"134",134,2,26,22,0,0,0,1,1
"135",135,2,26,22,0,0,0,1,1
"136",136,2,26,22,0,0,1,1,1
"137",137,2,26,22,0,0,1,1,1
"138",138,2,26,22,0,0,1,0,1
"139",139,2,26,22,0,0,1,0,0
"140",140,2,26,22,1,0,1,0,1
"141",141,2,26,22,0,1,1,1,1
"142",142,2,26,22,1,0,1,0,1
"143",143,2,26,22,0,0,0,1,0
"144",144,2,26,22,0,0,1,1,1
"145",145,2,26,22,0,0,1,1,0
"146",146,2,26,22,0,0,1,1,0
"147",147,2,26,22,0,0,1,1,0
"148",148,2,26,22,0,0,1,1,0
"149",149,2,26,22,1,0,1,1,1
"150",150,2,26,22,1,0,0,0,1
"151",151,2,26,22,1,0,0,1,0
"152",152,2,26,22,1,0,1,1,1
"153",153,2,26,22,1,0,0,1,0
"154",154,2,26,22,0,0,1,0,1
"155",155,2,26,22,0,0,0,0,0
"156",156,2,26,22,0,0,1,1,1
"157",157,2,26,22,0,0,1,0,1
"158",158,2,26,22,0,0,0,1,0
"159",159,2,26,22,1,0,1,1,1
"160",160,2,26,22,0,0,0,1,1
"161",161,2,26,22,1,0,1,1,1
"162",162,2,26,22,0,0,1,1,0
"163",163,2,26,22,0,0,1,0,0
"164",164,2,26,22,1,0,1,1,1
"165",165,2,26,22,0,0,1,0,0
"166",166,2,26,22,0,0,1,1,0
"167",167,2,26,22,0,0,1,1,0
"168",168,2,26,22,1,0,1,1,0
"169",169,2,26,22,1,0,0,1,1
"170",170,2,26,22,0,0,1,1,1
"171",171,2,26,22,0,0,1,0,1
"172",172,2,26,22,1,0,1,1,0
"173",173,2,26,22,0,0,0,0,0
"174",174,2,26,22,1,0,0,1,0
"175",175,2,26,22,1,0,1,0,1
"176",176,2,26,22,1,0,1,1,1
"177",177,2,26,22,0,0,1,1,1
"178",178,2,26,22,1,0,0,0,1
"179",179,2,26,22,0,0,0,1,0
"180",180,2,26,22,1,0,0,1,0
"181",181,2,26,22,0,0,1,1,0
"182",182,2,26,22,0,0,0,1,0
"183",183,2,26,22,0,0,0,1,0
"184",184,2,26,22,0,0,0,1,0
"185",185,2,26,22,1,0,1,0,1
"186",186,2,26,22,1,0,1,1,0
"187",187,2,26,22,1,0,1,1,0
"188",188,2,26,22,0,0,1,1,1
"189",189,2,26,22,1,0,0,1,0
"190",190,2,26,22,1,0,0,1,1
"191",191,2,26,22,1,0,1,1,0
"192",192,2,26,22,0,0,0,1,0
"193",193,2,26,22,1,0,1,1,1
"194",194,2,26,22,0,0,1,1,1
"195",195,2,26,22,0,0,0,1,0
"196",196,2,26,22,0,0,1,1,1
"197",197,2,26,22,1,0,0,1,0
"198",198,2,26,22,0,0,1,1,1
"199",199,2,26,22,0,0,0,1,0
"200",200,2,26,22,1,0,1,1,1
"201",201,3,26,23,0,0,1,1,0
"202",202,3,26,23,0,0,1,1,1
"203",203,3,26,23,0,0,1,1,0
"204",204,3,26,23,0,0,0,0,0
"205",205,3,26,23,0,0,1,1,0
"206",206,3,26,23,0,0,0,1,1
"207",207,3,26,23,1,0,1,0,1
"208",208,3,26,23,0,1,0,1,0
"209",209,3,26,23,1,0,1,1,1
"210",210,3,26,23,1,0,1,1,1
"211",211,3,26,23,1,0,1,1,1
"212",212,3,26,23,1,0,0,1,0
"213",213,3,26,23,1,0,0,1,0
"214",214,3,26,23,1,0,1,1,1
"215",215,3,26,23,0,0,1,0,1
"216",216,3,26,23,1,0,0,1,1
"217",217,3,26,23,0,0,1,1,1
"218",218,3,26,23,0,0,1,1,0
"219",219,3,26,23,0,0,0,1,0
"220",220,3,26,23,0,0,1,1,0
"221",221,3,26,23,1,0,1,0,0
"222",222,3,26,23,0,0,1,1,1
"223",223,3,26,23,1,0,0,1,0
"224",224,3,26,23,1,0,0,0,1
"225",225,3,26,23,0,0,1,0,0
"226",226,3,26,23,0,0,1,0,1
"227",227,3,26,23,1,0,1,1,0
"228",228,3,26,23,0,0,1,1,1
"229",229,3,26,23,1,0,1,1,1
"230",230,3,26,23,0,0,0,1,1
"231",231,3,26,23,1,0,1,1,1
"232",232,3,26,23,1,0,1,1,0
"233",233,3,26,23,1,0,1,1,1
"234",234,3,26,23,0,0,0,1,0
"235",235,3,26,23,1,0,1,1,0
"236",236,3,26,23,0,0,1,1,1
"237",237,3,26,23,0,0,0,1,1
"238",238,3,26,23,1,0,1,1,0
"239",239,3,26,23,0,0,1,0,0
"240",240,3,26,23,0,0,1,1,0
"241",241,3,26,23,1,0,1,1,1
"242",242,3,26,23,1,0,1,1,1
"243",243,3,26,23,0,0,0,1,1
"244",244,3,26,23,0,0,1,0,0
"245",245,3,26,23,1,0,1,0,0
"246",246,3,26,23,0,0,0,0,0
"247",247,3,26,23,0,0,0,1,1
"248",248,3,26,23,0,0,1,0,1
"249",249,3,26,23,0,0,1,1,1
"250",250,3,26,23,0,0,1,1,1
"251",251,3,26,23,1,0,0,1,1
"252",252,3,26,23,1,0,1,1,1
"253",253,3,26,23,0,0,0,0,1
"254",254,3,26,23,1,0,0,0,1
"255",255,3,26,23,0,0,0,1,0
"256",256,3,26,23,1,0,1,1,0
"257",257,3,26,23,0,0,0,1,0
"258",258,3,26,23,1,0,1,1,0
"259",259,3,26,23,1,0,1,1,0
"260",260,3,26,23,0,0,1,1,0
"261",261,3,26,23,1,0,1,1,1
"262",262,3,26,23,1,0,0,1,0
"263",263,3,26,23,1,0,1,1,0
"264",264,3,26,23,0,0,0,0,0
"265",265,3,26,23,1,0,0,1,0
"266",266,3,26,23,0,0,0,1,0
"267",267,3,26,23,1,0,1,1,1
"268",268,3,26,23,1,0,0,1,1
"269",269,3,26,23,0,0,1,1,1
"270",270,3,26,23,0,0,1,1,1
"271",271,3,26,23,0,0,1,1,1
"272",272,3,26,23,1,0,1,0,0
"273",273,3,26,23,1,0,0,1,0
"274",274,3,26,23,1,0,0,1,1
"275",275,3,26,23,1,0,1,1,0
"276",276,3,26,23,1,0,1,0,1
"277",277,3,26,23,0,0,1,1,1
"278",278,3,26,23,0,0,1,0,1
"279",279,3,26,23,0,0,1,1,0
"280",280,3,26,23,0,0,1,1,1
"281",281,3,26,23,0,0,1,1,1
"282",282,3,26,23,1,0,1,1,1
"283",283,3,26,23,0,0,1,1,0
"284",284,3,26,23,0,0,0,1,0
"285",285,3,26,23,0,0,1,1,0
"286",286,3,26,23,0,0,1,1,1
"287",287,3,26,23,0,0,1,1,1
"288",288,3,26,23,0,0,1,0,0
"289",289,3,26,23,1,0,0,1,0
"290",290,3,26,23,0,0,0,1,1
"291",291,3,26,23,0,0,1,1,1
"292",292,3,26,23,0,0,0,1,1
"293",293,3,26,23,0,0,0,1,1
"294",294,3,26,23,1,0,0,1,1
"295",295,3,26,23,0,1,1,1,1
"296",296,3,26,23,1,0,1,1,1
"297",297,3,26,23,0,0,0,1,0
"298",298,3,26,23,0,0,0,0,0
"299",299,3,26,23,1,0,1,1,0
"300",300,3,26,23,0,0,1,0,1
"301",301,4,26,25,0,1,1,1,0
"302",302,4,26,25,0,0,1,0,1
"303",303,4,26,25,1,0,0,1,1
"304",304,4,26,25,0,0,1,1,0
"305",305,4,26,25,0,0,0,1,1
"306",306,4,26,25,0,0,1,1,0
"307",307,4,26,25,1,0,0,1,0
"308",308,4,26,25,1,0,1,1,0
"309",309,4,26,25,1,0,1,1,0
"310",310,4,26,25,0,0,1,0,1
"311",311,4,26,25,0,0,0,1,0
"312",312,4,26,25,1,0,1,1,1
"313",313,4,26,25,1,0,1,1,1
"314",314,4,26,25,0,0,0,1,0
"315",315,4,26,25,1,1,0,1,1
"316",316,4,26,25,0,1,1,0,1
"317",317,4,26,25,0,0,1,1,1
"318",318,4,26,25,0,0,1,1,1
"319",319,4,26,25,0,1,0,1,1
"320",320,4,26,25,0,0,1,1,0
"321",321,4,26,25,1,1,0,1,1
"322",322,4,26,25,1,0,1,1,0
"323",323,4,26,25,1,0,0,0,1
"324",324,4,26,25,0,0,0,0,0
"325",325,4,26,25,1,0,1,1,1
"326",326,4,26,25,1,0,0,1,0
"327",327,4,26,25,1,0,1,1,1
"328",328,4,26,25,1,0,0,1,0
"329",329,4,26,25,0,0,0,1,0
"330",330,4,26,25,1,0,1,1,1
"331",331,4,26,25,0,0,1,1,1
"332",332,4,26,25,1,0,0,0,0
"333",333,4,26,25,1,0,1,1,1
"334",334,4,26,25,0,0,1,1,1
"335",335,4,26,25,0,0,0,0,1
"336",336,4,26,25,1,0,1,0,0
"337",337,4,26,25,0,0,1,0,0
"338",338,4,26,25,0,0,1,1,0
"339",339,4,26,25,1,0,1,0,1
"340",340,4,26,25,0,0,1,1,1
"341",341,4,26,25,1,0,0,1,1
"342",342,4,26,25,0,0,1,1,0
"343",343,4,26,25,0,0,0,1,1
"344",344,4,26,25,1,0,1,1,1
"345",345,4,26,25,0,1,1,1,1
"346",346,4,26,25,1,0,1,1,1
"347",347,4,26,25,0,0,0,1,1
"348",348,4,26,25,0,0,1,1,0
"349",349,4,26,25,1,0,1,1,0
"350",350,4,26,25,0,1,0,0,1
"351",351,4,26,25,0,0,1,1,1
"352",352,4,26,25,1,0,0,1,0
"353",353,4,26,25,0,0,0,0,0
"354",354,4,26,25,1,0,1,1,1
"355",355,4,26,25,0,0,1,1,0
"356",356,4,26,25,1,0,0,1,1
"357",357,4,26,25,1,0,0,1,1
"358",358,4,26,25,1,0,1,0,0
"359",359,4,26,25,1,0,1,1,0
"360",360,4,26,25,0,0,0,1,0
"361",361,4,26,25,0,0,1,1,1
"362",362,4,26,25,0,0,1,0,1
"363",363,4,26,25,1,0,0,0,1
"364",364,4,26,25,0,0,0,1,0
"365",365,4,26,25,1,0,0,1,1
"366",366,4,26,25,0,0,0,1,0
"367",367,4,26,25,1,0,0,1,0
"368",368,4,26,25,1,0,1,0,1
"369",369,4,26,25,1,0,0,1,0
"370",370,4,26,25,1,0,1,1,1
"371",371,4,26,25,0,0,0,1,1
"372",372,4,26,25,0,0,0,1,0
"373",373,4,26,25,1,0,1,1,1
"374",374,4,26,25,0,0,1,0,1
"375",375,4,26,25,1,0,0,0,1
"376",376,4,26,25,1,0,1,0,1
"377",377,4,26,25,0,0,1,1,1
"378",378,4,26,25,0,0,0,1,0
"379",379,4,26,25,1,0,1,1,1
"380",380,4,26,25,1,0,1,1,1
"381",381,4,26,25,0,0,1,1,1
"382",382,4,26,25,1,0,1,0,0
"383",383,4,26,25,1,0,1,0,0
"384",384,4,26,25,1,0,0,1,1
"385",385,4,26,25,0,0,1,1,0
"386",386,4,26,25,1,0,1,1,0
"387",387,4,26,25,1,0,0,1,0
"388",388,4,26,25,0,0,1,1,0
"389",389,4,26,25,0,0,1,1,1
"390",390,4,26,25,0,0,1,1,0
"391",391,4,26,25,1,0,0,1,0
"392",392,4,26,25,1,0,0,1,0
"393",393,4,26,25,0,0,1,1,1
"394",394,4,26,25,1,0,1,1,1
"395",395,4,26,25,0,0,1,1,0
"396",396,4,26,25,0,0,0,0,0
"397",397,4,26,25,0,0,0,0,1
"398",398,4,26,25,0,0,1,1,1
"399",399,4,26,25,0,0,0,1,0
"400",400,4,26,25,1,0,0,0,1
"401",401,5,30,21,1,0,1,1,0
"402",402,5,30,21,0,0,0,1,1
"403",403,5,30,21,0,0,1,1,0
"404",404,5,30,21,0,0,1,1,0
"405",405,5,30,21,0,0,0,1,1
"406",406,5,30,21,0,0,1,1,0
"407",407,5,30,21,0,0,1,1,1
"408",408,5,30,21,1,0,1,0,1
"409",409,5,30,21,1,0,1,0,1
"410",410,5,30,21,0,0,0,1,1
"411",411,5,30,21,1,1,1,0,1
"412",412,5,30,21,1,1,0,0,1
"413",413,5,30,21,0,0,0,0,0
"414",414,5,30,21,0,0,1,1,0
"415",415,5,30,21,0,0,0,1,1
"416",416,5,30,21,1,0,1,1,0
"417",417,5,30,21,1,0,0,1,0
"418",418,5,30,21,1,0,1,1,0
"419",419,5,30,21,1,0,0,1,0
"420",420,5,30,21,0,0,1,1,0
"421",421,5,30,21,0,0,0,1,0
"422",422,5,30,21,0,0,1,0,1
"423",423,5,30,21,0,0,0,1,1
"424",424,5,30,21,0,0,1,1,1
"425",425,5,30,21,0,0,0,1,0
"426",426,5,30,21,0,0,1,1,1
"427",427,5,30,21,1,0,1,0,0
"428",428,5,30,21,0,0,1,1,0
"429",429,5,30,21,0,0,0,1,1
"430",430,5,30,21,0,0,0,0,0
"431",431,5,30,21,0,0,0,1,1
"432",432,5,30,21,1,0,1,0,1
"433",433,5,30,21,0,0,1,1,1
"434",434,5,30,21,0,0,1,1,1
"435",435,5,30,21,1,0,1,1,1
"436",436,5,30,21,0,0,0,1,1
"437",437,5,30,21,0,0,1,0,0
"438",438,5,30,21,1,0,1,1,1
"439",439,5,30,21,1,0,1,1,0
"440",440,5,30,21,0,0,1,1,0
"441",441,5,30,21,1,0,1,1,0
"442",442,5,30,21,0,0,1,1,0
"443",443,5,30,21,1,0,0,1,1
"444",444,5,30,21,1,0,0,1,0
"445",445,5,30,21,0,0,0,1,0
"446",446,5,30,21,1,0,0,0,0
"447",447,5,30,21,0,0,0,1,0
"448",448,5,30,21,1,0,0,0,1
"449",449,5,30,21,0,1,0,1,1
"450",450,5,30,21,0,0,0,1,1
"451",451,5,30,21,1,0,1,1,0
"452",452,5,30,21,0,0,1,0,1
"453",453,5,30,21,0,0,1,1,1
"454",454,5,30,21,0,0,0,1,1
"455",455,5,30,21,1,0,1,0,1
"456",456,5,30,21,1,0,1,1,1
"457",457,5,30,21,0,0,1,1,0
"458",458,5,30,21,1,0,1,0,1
"459",459,5,30,21,0,0,1,1,0
"460",460,5,30,21,0,1,1,0,1
"461",461,5,30,21,0,0,0,1,0
"462",462,5,30,21,0,0,1,0,0
"463",463,5,30,21,0,0,0,1,0
"464",464,5,30,21,1,1,1,1,1
"465",465,5,30,21,0,0,1,1,1
"466",466,5,30,21,0,0,0,1,1
"467",467,5,30,21,0,0,0,1,0
"468",468,5,30,21,1,0,1,1,0
"469",469,5,30,21,0,0,1,1,0
"470",470,5,30,21,1,0,0,0,1
"471",471,5,30,21,0,0,1,1,1
"472",472,5,30,21,1,1,0,1,0
"473",473,5,30,21,1,1,1,1,1
"474",474,5,30,21,0,0,1,1,0
"475",475,5,30,21,0,0,0,0,0
"476",476,5,30,21,0,0,1,1,0
"477",477,5,30,21,1,0,1,1,0
"478",478,5,30,21,0,0,0,0,1
"479",479,5,30,21,0,0,1,1,0
"480",480,5,30,21,1,0,1,0,0
"481",481,5,30,21,0,0,1,1,0
"482",482,5,30,21,1,0,1,0,1
"483",483,5,30,21,1,0,1,1,1
"484",484,5,30,21,0,0,1,0,1
"485",485,5,30,21,0,0,1,1,1
"486",486,5,30,21,0,0,0,1,1
"487",487,5,30,21,1,0,1,1,1
"488",488,5,30,21,0,0,1,1,0
"489",489,5,30,21,0,0,1,1,1
"490",490,5,30,21,1,0,1,0,1
"491",491,5,30,21,0,0,1,1,1
"492",492,5,30,21,1,0,1,0,1
"493",493,5,30,21,0,1,1,1,1
"494",494,5,30,21,0,0,1,1,1
"495",495,5,30,21,1,0,0,1,1
"496",496,5,30,21,1,0,1,1,1
"497",497,5,30,21,0,0,0,1,0
"498",498,5,30,21,1,0,1,1,0
"499",499,5,30,21,0,0,0,1,1
"500",500,5,30,21,1,0,0,1,0
"501",501,6,26,28,0,0,0,0,0
"502",502,6,26,28,0,0,1,1,0
"503",503,6,26,28,1,0,0,1,0
"504",504,6,26,28,0,0,1,0,1
"505",505,6,26,28,1,0,0,1,1
"506",506,6,26,28,0,0,0,1,0
"507",507,6,26,28,1,0,1,1,0
"508",508,6,26,28,0,0,0,1,0
"509",509,6,26,28,0,0,1,1,1
"510",510,6,26,28,0,0,0,0,1
"511",511,6,26,28,1,0,1,1,0
"512",512,6,26,28,0,0,0,1,0
"513",513,6,26,28,0,0,0,1,0
"514",514,6,26,28,0,0,0,1,0
"515",515,6,26,28,0,0,1,1,1
"516",516,6,26,28,0,0,1,1,1
"517",517,6,26,28,0,0,0,1,0
"518",518,6,26,28,0,0,1,1,0
"519",519,6,26,28,0,1,0,0,0
"520",520,6,26,28,1,0,0,1,1
"521",521,6,26,28,0,0,0,1,1
"522",522,6,26,28,0,0,0,1,0
"523",523,6,26,28,1,0,1,1,1
"524",524,6,26,28,0,0,1,1,1
"525",525,6,26,28,0,0,1,0,1
"526",526,6,26,28,0,0,1,1,1
"527",527,6,26,28,0,1,0,1,1
"528",528,6,26,28,1,0,0,1,1
"529",529,6,26,28,0,1,1,1,0
"530",530,6,26,28,0,0,1,1,1
"531",531,6,26,28,1,0,0,0,1
"532",532,6,26,28,1,1,0,1,0
"533",533,6,26,28,1,0,1,1,1
"534",534,6,26,28,0,0,0,1,1
"535",535,6,26,28,0,0,0,0,0
"536",536,6,26,28,0,0,1,1,1
"537",537,6,26,28,0,0,1,1,0
"538",538,6,26,28,0,0,0,1,1
"539",539,6,26,28,1,0,1,1,1
"540",540,6,26,28,0,0,1,1,0
"541",541,6,26,28,1,0,0,0,1
"542",542,6,26,28,0,0,1,1,1
"543",543,6,26,28,1,0,1,1,1
"544",544,6,26,28,0,0,1,1,1
"545",545,6,26,28,0,0,1,1,0
"546",546,6,26,28,1,0,1,1,1
"547",547,6,26,28,0,0,1,1,0
"548",548,6,26,28,0,0,1,1,1
"549",549,6,26,28,0,1,1,1,1
"550",550,6,26,28,1,0,1,1,1
"551",551,6,26,28,1,0,1,1,0
"552",552,6,26,28,0,0,1,1,1
"553",553,6,26,28,0,0,1,1,0
"554",554,6,26,28,0,0,1,0,1
"555",555,6,26,28,1,0,1,1,0
"556",556,6,26,28,1,1,1,1,0
"557",557,6,26,28,0,0,0,1,1
"558",558,6,26,28,1,0,1,1,0
"559",559,6,26,28,1,0,1,1,1
"560",560,6,26,28,1,0,1,1,1
"561",561,6,26,28,0,0,1,1,1
"562",562,6,26,28,0,0,0,1,1
"563",563,6,26,28,0,1,0,1,0
"564",564,6,26,28,0,0,1,0,1
"565",565,6,26,28,0,0,1,0,1
"566",566,6,26,28,0,0,0,1,1
"567",567,6,26,28,0,0,1,1,0
"568",568,6,26,28,1,0,0,1,0
"569",569,6,26,28,0,0,1,0,1
"570",570,6,26,28,1,0,1,1,1
"571",571,6,26,28,0,0,0,1,0
"572",572,6,26,28,1,0,1,1,1
"573",573,6,26,28,0,0,1,1,0
"574",574,6,26,28,1,0,0,1,1
"575",575,6,26,28,0,0,1,1,0
"576",576,6,26,28,1,0,0,1,0
"577",577,6,26,28,1,0,1,1,1
"578",578,6,26,28,1,0,1,0,1
"579",579,6,26,28,0,0,1,1,1
"580",580,6,26,28,0,0,1,0,1
"581",581,6,26,28,0,0,0,1,1
"582",582,6,26,28,1,0,0,1,1
"583",583,6,26,28,0,0,0,1,1
"584",584,6,26,28,0,1,1,0,0
"585",585,6,26,28,0,0,0,1,0
"586",586,6,26,28,0,0,0,1,1
"587",587,6,26,28,1,1,1,1,0
"588",588,6,26,28,0,0,0,1,0
"589",589,6,26,28,1,0,1,1,0
"590",590,6,26,28,0,0,1,1,0
"591",591,6,26,28,1,0,0,1,0
"592",592,6,26,28,1,0,1,0,1
"593",593,6,26,28,1,0,1,1,1
"594",594,6,26,28,0,0,0,1,1
"595",595,6,26,28,1,0,1,1,0
"596",596,6,26,28,0,0,0,1,1
"597",597,6,26,28,0,0,1,0,1
"598",598,6,26,28,0,0,0,1,0
"599",599,6,26,28,0,0,1,1,1
"600",600,6,26,28,0,0,0,1,1
"601",601,7,15,21,1,0,1,1,1
"602",602,7,15,21,0,0,1,1,1
"603",603,7,15,21,0,1,1,1,1
"604",604,7,15,21,0,0,0,0,0
"605",605,7,15,21,0,0,0,1,1
"606",606,7,15,21,1,0,1,0,0
"607",607,7,15,21,1,0,0,0,1
"608",608,7,15,21,0,0,1,0,1
"609",609,7,15,21,1,0,1,1,1
"610",610,7,15,21,0,0,1,1,0
"611",611,7,15,21,1,0,1,1,1
"612",612,7,15,21,0,0,1,1,1
"613",613,7,15,21,1,0,1,0,1
"614",614,7,15,21,0,0,1,1,0
"615",615,7,15,21,1,1,1,0,0
"616",616,7,15,21,0,0,0,1,0
"617",617,7,15,21,0,0,1,1,1
"618",618,7,15,21,1,0,1,1,1
"619",619,7,15,21,0,0,0,1,0
"620",620,7,15,21,1,0,1,1,1
"621",621,7,15,21,0,0,1,1,1
"622",622,7,15,21,1,0,1,1,1
"623",623,7,15,21,0,0,1,1,1
"624",624,7,15,21,0,0,1,0,1
"625",625,7,15,21,0,0,0,1,1
"626",626,7,15,21,0,0,1,1,0
"627",627,7,15,21,0,0,0,1,1
"628",628,7,15,21,0,0,0,0,0
"629",629,7,15,21,1,0,0,1,0
"630",630,7,15,21,0,0,1,1,0
"631",631,7,15,21,0,0,0,1,0
"632",632,7,15,21,0,0,0,1,0
"633",633,7,15,21,1,0,1,1,0
"634",634,7,15,21,1,0,1,1,1
"635",635,7,15,21,0,0,0,1,1
"636",636,7,15,21,0,0,0,1,0
"637",637,7,15,21,0,0,1,0,0
"638",638,7,15,21,1,0,0,1,0
"639",639,7,15,21,0,0,1,0,1
"640",640,7,15,21,0,0,0,1,1
"641",641,7,15,21,0,0,1,0,1
"642",642,7,15,21,0,0,1,0,0
"643",643,7,15,21,0,0,0,1,0
"644",644,7,15,21,0,0,1,1,1
"645",645,7,15,21,0,0,0,0,1
"646",646,7,15,21,1,0,1,1,0
"647",647,7,15,21,0,0,1,0,0
"648",648,7,15,21,0,0,0,1,0
"649",649,7,15,21,0,0,1,1,0
"650",650,7,15,21,0,0,0,1,0
"651",651,7,15,21,0,0,1,1,0
"652",652,7,15,21,1,0,1,1,1
"653",653,7,15,21,1,0,1,1,0
"654",654,7,15,21,1,0,1,1,0
"655",655,7,15,21,0,0,1,0,0
"656",656,7,15,21,1,0,1,1,1
"657",657,7,15,21,1,0,1,1,1
"658",658,7,15,21,0,0,1,1,1
"659",659,7,15,21,0,0,1,1,0
"660",660,7,15,21,1,0,0,1,0
"661",661,7,15,21,0,0,1,1,1
"662",662,7,15,21,0,0,1,1,1
"663",663,7,15,21,1,0,0,1,0
"664",664,7,15,21,0,0,0,1,1
"665",665,7,15,21,0,0,1,1,0
"666",666,7,15,21,1,0,1,1,0
"667",667,7,15,21,0,0,0,1,1
"668",668,7,15,21,1,0,1,0,0
"669",669,7,15,21,1,0,0,1,0
"670",670,7,15,21,1,0,0,1,0
"671",671,7,15,21,0,0,0,1,0
"672",672,7,15,21,1,0,1,1,0
"673",673,7,15,21,1,0,1,1,1
"674",674,7,15,21,0,0,1,1,0
"675",675,7,15,21,0,0,0,1,0
"676",676,7,15,21,1,0,1,1,1
"677",677,7,15,21,0,0,1,0,1
"678",678,7,15,21,0,0,1,0,1
"679",679,7,15,21,1,0,0,1,1
"680",680,7,15,21,1,0,1,1,0
"681",681,7,15,21,0,0,0,1,0
"682",682,7,15,21,0,0,0,1,1
"683",683,7,15,21,0,0,1,1,1
"684",684,7,15,21,0,0,1,1,0
"685",685,7,15,21,0,0,0,1,0
"686",686,7,15,21,1,0,1,1,0
"687",687,7,15,21,0,0,1,1,0
"688",688,7,15,21,1,0,1,1,1
"689",689,7,15,21,0,0,1,1,0
"690",690,7,15,21,0,0,1,1,0
"691",691,7,15,21,1,0,1,1,0
"692",692,7,15,21,1,0,1,1,1
"693",693,7,15,21,1,0,1,1,1
"694",694,7,15,21,0,0,0,1,0
"695",695,7,15,21,1,0,0,1,0
"696",696,7,15,21,0,0,0,1,0
"697",697,7,15,21,0,0,1,1,0
"698",698,7,15,21,0,0,1,1,0
"699",699,7,15,21,0,0,1,1,1
"700",700,7,15,21,0,0,0,1,1
"701",701,8,22,22,1,0,0,0,1
"702",702,8,22,22,0,0,1,1,0
"703",703,8,22,22,0,0,1,1,1
"704",704,8,22,22,0,0,1,1,0
"705",705,8,22,22,0,0,0,0,0
"706",706,8,22,22,1,0,1,1,1
"707",707,8,22,22,0,0,1,1,1
"708",708,8,22,22,0,0,0,1,1
"709",709,8,22,22,0,0,1,0,1
"710",710,8,22,22,0,0,1,1,0
"711",711,8,22,22,1,0,0,1,1
"712",712,8,22,22,1,0,1,1,1
"713",713,8,22,22,0,0,1,1,1
"714",714,8,22,22,0,0,0,1,1
"715",715,8,22,22,0,0,0,1,0
"716",716,8,22,22,0,0,1,0,1
"717",717,8,22,22,1,0,1,1,0
"718",718,8,22,22,1,0,1,1,1
"719",719,8,22,22,1,0,1,1,1
"720",720,8,22,22,1,0,1,1,0
"721",721,8,22,22,1,0,1,0,1
"722",722,8,22,22,0,0,1,1,1
"723",723,8,22,22,1,0,0,0,0
"724",724,8,22,22,0,0,1,1,0
"725",725,8,22,22,1,0,0,1,0
"726",726,8,22,22,0,1,0,1,1
"727",727,8,22,22,0,0,1,1,1
"728",728,8,22,22,0,0,1,1,1
"729",729,8,22,22,1,0,1,1,1
"730",730,8,22,22,0,0,1,1,0
"731",731,8,22,22,0,0,1,1,1
"732",732,8,22,22,0,0,0,0,1
"733",733,8,22,22,0,1,1,1,0
"734",734,8,22,22,0,0,1,1,0
"735",735,8,22,22,0,0,1,0,1
"736",736,8,22,22,0,0,0,1,1
"737",737,8,22,22,0,1,1,1,1
"738",738,8,22,22,1,0,1,0,1
"739",739,8,22,22,1,0,1,1,0
"740",740,8,22,22,1,0,1,1,0
"741",741,8,22,22,0,0,0,1,1
"742",742,8,22,22,0,0,1,1,1
"743",743,8,22,22,0,0,1,1,0
"744",744,8,22,22,0,0,1,1,0
"745",745,8,22,22,0,0,0,1,1
"746",746,8,22,22,0,0,0,1,0
"747",747,8,22,22,1,0,1,1,1
"748",748,8,22,22,0,0,0,1,1
"749",749,8,22,22,0,0,1,1,0
"750",750,8,22,22,0,0,1,1,1
"751",751,8,22,22,0,0,1,1,1
"752",752,8,22,22,1,0,1,1,1
"753",753,8,22,22,0,0,1,1,1
"754",754,8,22,22,0,0,1,1,1
"755",755,8,22,22,0,0,1,0,0
"756",756,8,22,22,0,0,1,1,1
"757",757,8,22,22,0,0,0,1,1
"758",758,8,22,22,0,0,0,1,0
"759",759,8,22,22,0,0,1,1,0
"760",760,8,22,22,0,1,1,1,0
"761",761,8,22,22,1,0,0,1,0
"762",762,8,22,22,0,0,1,1,0
"763",763,8,22,22,1,0,0,1,1
"764",764,8,22,22,1,0,0,1,0
"765",765,8,22,22,0,1,0,1,1
"766",766,8,22,22,0,0,0,0,0
"767",767,8,22,22,0,0,1,1,0
"768",768,8,22,22,0,0,1,1,1
"769",769,8,22,22,0,0,1,1,0
"770",770,8,22,22,0,0,1,1,0
"771",771,8,22,22,1,0,1,1,1
"772",772,8,22,22,1,0,0,1,1
"773",773,8,22,22,0,0,0,1,1
"774",774,8,22,22,1,0,0,1,0
"775",775,8,22,22,1,0,1,1,1
"776",776,8,22,22,0,0,1,0,0
"777",777,8,22,22,1,0,1,0,0
"778",778,8,22,22,0,0,1,1,0
"779",779,8,22,22,0,0,0,1,1
"780",780,8,22,22,1,0,0,1,1
"781",781,8,22,22,0,0,1,1,0
"782",782,8,22,22,0,0,0,1,0
"783",783,8,22,22,1,0,1,0,1
"784",784,8,22,22,1,0,1,0,1
"785",785,8,22,22,0,0,1,0,0
"786",786,8,22,22,0,0,1,1,1
"787",787,8,22,22,1,0,0,1,0
"788",788,8,22,22,0,0,0,1,0
"789",789,8,22,22,0,0,1,1,1
"790",790,8,22,22,0,0,1,1,1
"791",791,8,22,22,1,0,1,1,0
"792",792,8,22,22,1,0,0,0,1
"793",793,8,22,22,0,0,0,1,0
"794",794,8,22,22,1,0,0,1,0
"795",795,8,22,22,0,0,1,1,1
"796",796,8,22,22,1,0,1,0,1
"797",797,8,22,22,1,0,1,1,1
"798",798,8,22,22,0,0,1,1,1
"799",799,8,22,22,1,0,1,1,1
"800",800,8,22,22,0,0,1,1,0
"801",801,9,27,36,1,0,0,0,1
"802",802,9,27,36,1,0,1,1,0
"803",803,9,27,36,0,0,0,1,0
"804",804,9,27,36,1,0,0,0,1
"805",805,9,27,36,1,0,1,0,1
"806",806,9,27,36,0,0,0,1,0
"807",807,9,27,36,0,0,0,1,0
"808",808,9,27,36,1,0,0,1,0
"809",809,9,27,36,0,1,1,1,1
"810",810,9,27,36,0,0,1,1,1
"811",811,9,27,36,0,0,0,1,0
"812",812,9,27,36,1,0,1,1,1
"813",813,9,27,36,1,0,0,1,1
"814",814,9,27,36,0,0,0,0,1
"815",815,9,27,36,1,0,1,1,1
"816",816,9,27,36,0,0,1,1,0
"817",817,9,27,36,1,0,1,1,1
"818",818,9,27,36,0,0,1,1,0
"819",819,9,27,36,1,0,1,1,1
"820",820,9,27,36,0,0,0,0,0
"821",821,9,27,36,1,0,1,1,1
"822",822,9,27,36,0,0,0,1,1
"823",823,9,27,36,0,0,1,1,1
"824",824,9,27,36,0,0,0,0,1
"825",825,9,27,36,1,0,1,1,0
"826",826,9,27,36,0,0,0,1,1
"827",827,9,27,36,0,0,1,1,1
"828",828,9,27,36,0,0,0,1,1
"829",829,9,27,36,1,0,0,1,0
"830",830,9,27,36,1,0,0,1,1
"831",831,9,27,36,0,0,1,0,1
"832",832,9,27,36,1,0,1,1,0
"833",833,9,27,36,0,0,1,0,1
"834",834,9,27,36,1,0,1,1,1
"835",835,9,27,36,1,0,1,1,0
"836",836,9,27,36,0,0,1,0,1
"837",837,9,27,36,1,0,1,1,1
"838",838,9,27,36,1,0,1,1,1
"839",839,9,27,36,0,0,0,0,1
"840",840,9,27,36,1,0,1,1,1
"841",841,9,27,36,0,0,0,1,1
"842",842,9,27,36,0,0,1,1,1
"843",843,9,27,36,0,0,1,1,1
"844",844,9,27,36,1,0,0,1,1
"845",845,9,27,36,0,0,1,0,1
"846",846,9,27,36,0,0,0,1,1
"847",847,9,27,36,1,0,0,1,0
"848",848,9,27,36,1,0,1,1,0
"849",849,9,27,36,0,0,1,1,1
"850",850,9,27,36,0,0,0,1,0
"851",851,9,27,36,0,0,1,0,1
"852",852,9,27,36,1,0,0,1,1
"853",853,9,27,36,0,0,1,1,1
"854",854,9,27,36,1,0,1,0,1
"855",855,9,27,36,1,0,1,1,1
"856",856,9,27,36,0,0,0,1,1
"857",857,9,27,36,1,0,0,1,1
"858",858,9,27,36,0,0,0,1,1
"859",859,9,27,36,1,0,0,1,0
"860",860,9,27,36,0,0,0,1,0
"861",861,9,27,36,1,0,1,1,1
"862",862,9,27,36,0,0,1,1,0
"863",863,9,27,36,0,0,1,1,0
"864",864,9,27,36,1,0,1,0,1
"865",865,9,27,36,1,0,0,1,0
"866",866,9,27,36,0,1,1,1,1
"867",867,9,27,36,0,1,1,1,0
"868",868,9,27,36,0,0,1,0,1
"869",869,9,27,36,0,0,1,1,0
"870",870,9,27,36,1,0,1,0,1
"871",871,9,27,36,0,0,1,1,1
"872",872,9,27,36,1,0,0,1,0
"873",873,9,27,36,0,0,1,1,0
"874",874,9,27,36,0,0,1,1,1
"875",875,9,27,36,0,0,0,0,0
"876",876,9,27,36,0,0,1,1,0
"877",877,9,27,36,0,0,1,0,1
"878",878,9,27,36,1,0,1,1,1
"879",879,9,27,36,0,0,0,1,1
"880",880,9,27,36,1,0,1,1,1
"881",881,9,27,36,0,0,1,1,0
"882",882,9,27,36,0,0,0,1,0
"883",883,9,27,36,1,1,0,1,1
"884",884,9,27,36,0,0,0,1,1
"885",885,9,27,36,0,0,1,1,1
"886",886,9,27,36,1,0,0,1,1
"887",887,9,27,36,1,0,0,1,1
"888",888,9,27,36,0,0,1,1,0
"889",889,9,27,36,1,0,1,1,0
"890",890,9,27,36,0,0,1,1,1
"891",891,9,27,36,0,0,1,1,1
"892",892,9,27,36,0,0,1,0,1
"893",893,9,27,36,0,0,1,1,0
"894",894,9,27,36,0,0,0,1,0
"895",895,9,27,36,1,0,1,1,1
"896",896,9,27,36,0,0,0,0,0
"897",897,9,27,36,0,0,1,0,1
"898",898,9,27,36,0,0,1,0,1
"899",899,9,27,36,1,0,1,1,1
"900",900,9,27,36,0,1,1,1,1
"901",901,10,25,29,1,0,1,1,1
"902",902,10,25,29,1,0,0,1,0
"903",903,10,25,29,1,0,1,1,1
"904",904,10,25,29,0,0,1,1,0
"905",905,10,25,29,0,0,1,1,0
"906",906,10,25,29,0,0,0,1,0
"907",907,10,25,29,0,0,1,1,1
"908",908,10,25,29,0,0,1,1,1
"909",909,10,25,29,0,0,1,1,0
"910",910,10,25,29,1,0,0,1,0
"911",911,10,25,29,0,0,0,1,1
"912",912,10,25,29,0,0,0,0,1
"913",913,10,25,29,0,0,1,1,0
"914",914,10,25,29,0,0,1,1,0
"915",915,10,25,29,0,1,1,1,0
"916",916,10,25,29,0,0,1,0,1
"917",917,10,25,29,1,0,0,1,1
"918",918,10,25,29,1,0,0,1,1
"919",919,10,25,29,1,0,1,0,1
"920",920,10,25,29,0,0,1,1,0
"921",921,10,25,29,0,0,0,0,1
"922",922,10,25,29,0,0,1,1,0
"923",923,10,25,29,0,1,1,1,1
"924",924,10,25,29,0,0,1,1,1
"925",925,10,25,29,0,0,1,0,1
"926",926,10,25,29,0,0,1,1,1
"927",927,10,25,29,0,0,1,1,1
"928",928,10,25,29,0,0,1,0,1
"929",929,10,25,29,0,0,1,1,1
"930",930,10,25,29,0,0,0,1,0
"931",931,10,25,29,1,0,0,1,1
"932",932,10,25,29,0,0,0,1,0
"933",933,10,25,29,0,0,1,1,1
"934",934,10,25,29,1,0,1,1,1
"935",935,10,25,29,0,0,1,0,1
"936",936,10,25,29,1,0,1,1,0
"937",937,10,25,29,1,1,1,1,0
"938",938,10,25,29,0,0,1,1,0
"939",939,10,25,29,1,0,0,1,1
"940",940,10,25,29,0,0,0,1,1
"941",941,10,25,29,0,0,1,1,0
"942",942,10,25,29,1,0,1,1,1
"943",943,10,25,29,0,0,1,0,1
"944",944,10,25,29,1,0,0,1,1
"945",945,10,25,29,0,0,1,1,1
"946",946,10,25,29,0,0,1,1,1
"947",947,10,25,29,0,0,1,1,1
"948",948,10,25,29,0,0,1,0,0
"949",949,10,25,29,1,1,0,1,1
"950",950,10,25,29,0,0,1,1,1
"951",951,10,25,29,1,0,1,1,0
"952",952,10,25,29,1,0,1,1,1
"953",953,10,25,29,0,0,0,0,0
"954",954,10,25,29,0,0,0,1,1
"955",955,10,25,29,0,0,0,1,1
"956",956,10,25,29,0,1,1,1,0
"957",957,10,25,29,1,0,1,1,1
"958",958,10,25,29,0,0,1,1,0
"959",959,10,25,29,0,0,1,1,1
"960",960,10,25,29,1,1,1,1,1
"961",961,10,25,29,0,0,1,1,1
"962",962,10,25,29,0,0,1,1,1
"963",963,10,25,29,0,0,1,1,0
"964",964,10,25,29,1,0,1,1,0
"965",965,10,25,29,0,0,1,0,1
"966",966,10,25,29,0,0,1,1,0
"967",967,10,25,29,0,0,0,1,0
"968",968,10,25,29,0,0,1,1,0
"969",969,10,25,29,0,0,1,1,0
"970",970,10,25,29,1,0,1,1,0
"971",971,10,25,29,0,0,0,1,0
"972",972,10,25,29,0,0,0,0,1
"973",973,10,25,29,1,0,1,1,1
"974",974,10,25,29,0,0,0,0,1
"975",975,10,25,29,0,0,1,1,0
"976",976,10,25,29,0,0,1,1,0
"977",977,10,25,29,0,0,1,1,0
"978",978,10,25,29,0,1,1,0,1
"979",979,10,25,29,0,0,0,1,1
"980",980,10,25,29,0,0,0,0,0
"981",981,10,25,29,0,0,1,1,0
"982",982,10,25,29,1,0,1,1,0
"983",983,10,25,29,1,0,0,1,1
"984",984,10,25,29,0,0,1,0,0
"985",985,10,25,29,1,0,0,1,0
"986",986,10,25,29,1,0,1,1,0
"987",987,10,25,29,0,0,1,1,0
"988",988,10,25,29,0,0,0,0,0
"989",989,10,25,29,1,0,1,0,1
"990",990,10,25,29,0,0,1,1,0
"991",991,10,25,29,0,0,1,0,0
"992",992,10,25,29,0,0,1,1,0
"993",993,10,25,29,0,0,0,0,0
"994",994,10,25,29,0,0,1,1,1
"995",995,10,25,29,1,1,1,0,1
"996",996,10,25,29,1,0,1,1,0
"997",997,10,25,29,0,0,1,0,1
"998",998,10,25,29,0,0,1,1,0
"999",999,10,25,29,0,0,0,0,1
"1000",1000,10,25,29,0,0,1,1,1
"1001",1001,11,27,25,0,0,1,1,1
"1002",1002,11,27,25,0,0,1,0,1
"1003",1003,11,27,25,1,1,1,0,0
"1004",1004,11,27,25,1,0,1,0,1
"1005",1005,11,27,25,1,0,1,1,1
"1006",1006,11,27,25,0,0,1,1,1
"1007",1007,11,27,25,1,0,0,0,0
"1008",1008,11,27,25,0,0,1,0,1
"1009",1009,11,27,25,0,0,1,0,1
"1010",1010,11,27,25,0,0,1,1,1
"1011",1011,11,27,25,0,0,1,0,1
"1012",1012,11,27,25,1,0,1,1,1
"1013",1013,11,27,25,0,0,1,1,1
"1014",1014,11,27,25,0,0,1,1,1
"1015",1015,11,27,25,1,0,1,1,1
"1016",1016,11,27,25,0,0,0,1,0
"1017",1017,11,27,25,0,0,1,1,0
"1018",1018,11,27,25,0,0,1,1,1
"1019",1019,11,27,25,0,0,0,1,0
"1020",1020,11,27,25,0,0,1,0,1
"1021",1021,11,27,25,1,0,1,0,1
"1022",1022,11,27,25,0,0,1,1,0
"1023",1023,11,27,25,1,0,1,1,1
"1024",1024,11,27,25,0,0,0,1,1
"1025",1025,11,27,25,0,0,1,1,1
"1026",1026,11,27,25,1,0,1,1,1
"1027",1027,11,27,25,1,1,1,1,1
"1028",1028,11,27,25,1,1,1,1,1
"1029",1029,11,27,25,0,0,1,1,1
"1030",1030,11,27,25,1,0,1,1,0
"1031",1031,11,27,25,0,0,0,1,1
"1032",1032,11,27,25,0,0,1,1,1
"1033",1033,11,27,25,1,0,1,1,1
"1034",1034,11,27,25,0,0,1,1,1
"1035",1035,11,27,25,1,0,1,1,0
"1036",1036,11,27,25,1,0,0,1,1
"1037",1037,11,27,25,0,0,1,1,0
"1038",1038,11,27,25,1,0,1,0,1
"1039",1039,11,27,25,1,0,1,1,1
"1040",1040,11,27,25,0,0,0,1,0
"1041",1041,11,27,25,0,0,1,0,1
"1042",1042,11,27,25,1,0,0,1,1
"1043",1043,11,27,25,0,0,0,0,1
"1044",1044,11,27,25,0,0,1,1,1
"1045",1045,11,27,25,1,0,1,1,1
"1046",1046,11,27,25,0,0,1,0,0
"1047",1047,11,27,25,0,0,1,1,1
"1048",1048,11,27,25,0,0,0,1,0
"1049",1049,11,27,25,0,0,0,1,1
"1050",1050,11,27,25,1,0,1,1,1
"1051",1051,11,27,25,0,0,1,1,0
"1052",1052,11,27,25,0,0,1,0,1
"1053",1053,11,27,25,1,0,1,1,0
"1054",1054,11,27,25,1,0,1,0,1
"1055",1055,11,27,25,0,0,0,1,1
"1056",1056,11,27,25,1,0,0,0,1
"1057",1057,11,27,25,0,0,1,0,0
"1058",1058,11,27,25,0,0,1,1,0
"1059",1059,11,27,25,0,0,0,0,1
"1060",1060,11,27,25,0,0,1,1,1
"1061",1061,11,27,25,1,0,1,0,1
"1062",1062,11,27,25,0,0,1,1,0
"1063",1063,11,27,25,1,1,0,1,1
"1064",1064,11,27,25,0,0,1,1,0
"1065",1065,11,27,25,0,0,0,1,0
"1066",1066,11,27,25,0,0,1,0,0
"1067",1067,11,27,25,0,0,1,0,1
"1068",1068,11,27,25,0,0,1,1,0
"1069",1069,11,27,25,1,0,0,0,1
"1070",1070,11,27,25,1,0,0,1,1
"1071",1071,11,27,25,1,0,0,1,0
"1072",1072,11,27,25,0,0,1,1,1
"1073",1073,11,27,25,0,0,1,1,1
"1074",1074,11,27,25,1,1,1,1,1
"1075",1075,11,27,25,0,0,1,1,0
"1076",1076,11,27,25,0,0,1,1,1
"1077",1077,11,27,25,1,0,1,1,1
"1078",1078,11,27,25,0,0,1,1,1
"1079",1079,11,27,25,0,0,0,1,0
"1080",1080,11,27,25,1,0,0,1,1
"1081",1081,11,27,25,1,1,0,1,1
"1082",1082,11,27,25,0,0,1,0,0
"1083",1083,11,27,25,1,0,0,1,0
"1084",1084,11,27,25,1,1,1,1,1
"1085",1085,11,27,25,0,0,0,0,1
"1086",1086,11,27,25,0,0,1,1,1
"1087",1087,11,27,25,1,0,1,0,1
"1088",1088,11,27,25,1,0,0,1,1
"1089",1089,11,27,25,0,0,1,1,1
"1090",1090,11,27,25,0,0,1,1,1
"1091",1091,11,27,25,0,0,0,1,0
"1092",1092,11,27,25,1,0,0,1,0
"1093",1093,11,27,25,0,0,0,0,0
"1094",1094,11,27,25,1,0,1,1,1
"1095",1095,11,27,25,0,0,0,1,1
"1096",1096,11,27,25,1,0,1,1,1
"1097",1097,11,27,25,0,0,1,1,1
"1098",1098,11,27,25,1,0,1,1,1
"1099",1099,11,27,25,1,0,0,1,0
"1100",1100,11,27,25,1,0,1,0,0
"1101",1101,12,25,27,0,0,0,1,1
"1102",1102,12,25,27,0,0,1,0,0
"1103",1103,12,25,27,0,0,0,1,1
"1104",1104,12,25,27,0,0,0,1,1
"1105",1105,12,25,27,0,1,1,1,1
"1106",1106,12,25,27,0,0,1,0,1
"1107",1107,12,25,27,0,0,1,0,0
"1108",1108,12,25,27,0,0,1,1,1
"1109",1109,12,25,27,0,0,1,1,1
"1110",1110,12,25,27,0,0,1,1,1
"1111",1111,12,25,27,0,0,0,0,0
"1112",1112,12,25,27,0,0,1,1,1
"1113",1113,12,25,27,0,0,1,1,0
"1114",1114,12,25,27,1,0,1,1,1
"1115",1115,12,25,27,0,0,1,1,1
"1116",1116,12,25,27,1,0,0,1,0
"1117",1117,12,25,27,0,0,0,0,0
"1118",1118,12,25,27,1,0,1,1,1
"1119",1119,12,25,27,0,0,1,1,0
"1120",1120,12,25,27,1,0,1,0,1
"1121",1121,12,25,27,0,0,0,1,0
"1122",1122,12,25,27,1,0,1,1,0
"1123",1123,12,25,27,0,0,1,1,1
"1124",1124,12,25,27,0,0,1,1,1
"1125",1125,12,25,27,0,0,0,1,1
"1126",1126,12,25,27,1,1,1,1,1
"1127",1127,12,25,27,1,0,1,1,0
"1128",1128,12,25,27,0,0,0,0,0
"1129",1129,12,25,27,0,1,1,1,0
"1130",1130,12,25,27,0,1,1,0,1
"1131",1131,12,25,27,0,0,0,1,1
"1132",1132,12,25,27,0,0,0,1,1
"1133",1133,12,25,27,1,0,1,1,0
"1134",1134,12,25,27,0,0,1,1,1
"1135",1135,12,25,27,0,0,1,1,1
"1136",1136,12,25,27,1,0,0,1,1
"1137",1137,12,25,27,0,0,1,1,1
"1138",1138,12,25,27,1,0,1,1,1
"1139",1139,12,25,27,1,0,1,1,1
"1140",1140,12,25,27,0,0,1,0,1
"1141",1141,12,25,27,0,0,1,1,0
"1142",1142,12,25,27,1,0,1,1,1
"1143",1143,12,25,27,1,0,0,1,1
"1144",1144,12,25,27,1,0,0,1,0
"1145",1145,12,25,27,0,0,1,1,0
"1146",1146,12,25,27,0,0,0,1,0
"1147",1147,12,25,27,0,0,1,1,1
"1148",1148,12,25,27,0,0,1,0,0
"1149",1149,12,25,27,0,0,0,1,1
"1150",1150,12,25,27,0,1,1,1,1
"1151",1151,12,25,27,0,0,0,1,0
"1152",1152,12,25,27,1,0,1,1,1
"1153",1153,12,25,27,0,0,1,1,0
"1154",1154,12,25,27,0,0,0,1,0
"1155",1155,12,25,27,0,0,1,0,1
"1156",1156,12,25,27,0,0,1,1,1
"1157",1157,12,25,27,1,0,1,1,1
"1158",1158,12,25,27,1,0,1,1,1
"1159",1159,12,25,27,0,0,0,1,0
"1160",1160,12,25,27,0,0,0,1,1
"1161",1161,12,25,27,1,0,1,1,0
"1162",1162,12,25,27,1,0,0,0,1
"1163",1163,12,25,27,1,0,1,1,1
"1164",1164,12,25,27,1,0,1,1,0
"1165",1165,12,25,27,0,0,1,1,1
"1166",1166,12,25,27,1,0,0,1,1
"1167",1167,12,25,27,0,0,1,1,1
"1168",1168,12,25,27,0,0,1,1,0
"1169",1169,12,25,27,0,0,0,1,0
"1170",1170,12,25,27,0,0,1,1,1
"1171",1171,12,25,27,0,0,0,1,1
"1172",1172,12,25,27,1,1,0,1,0
"1173",1173,12,25,27,0,0,1,1,0
"1174",1174,12,25,27,1,1,1,0,0
"1175",1175,12,25,27,1,0,1,1,0
"1176",1176,12,25,27,1,0,1,1,0
"1177",1177,12,25,27,0,0,1,1,0
"1178",1178,12,25,27,0,0,1,1,0
"1179",1179,12,25,27,0,0,0,0,0
"1180",1180,12,25,27,0,0,0,1,0
"1181",1181,12,25,27,0,0,1,1,1
"1182",1182,12,25,27,1,0,1,0,1
"1183",1183,12,25,27,0,0,1,1,1
"1184",1184,12,25,27,0,0,1,0,1
"1185",1185,12,25,27,1,0,1,1,1
"1186",1186,12,25,27,0,0,1,1,0
"1187",1187,12,25,27,0,0,1,1,0
"1188",1188,12,25,27,0,0,1,0,1
"1189",1189,12,25,27,0,0,1,1,1
"1190",1190,12,25,27,1,0,1,1,0
"1191",1191,12,25,27,0,0,0,0,0
"1192",1192,12,25,27,1,0,1,1,1
"1193",1193,12,25,27,1,0,0,0,1
"1194",1194,12,25,27,1,0,0,1,1
"1195",1195,12,25,27,0,0,0,1,0
"1196",1196,12,25,27,1,1,0,1,1
"1197",1197,12,25,27,0,0,1,1,1
"1198",1198,12,25,27,0,0,1,1,0
"1199",1199,12,25,27,0,0,1,1,0
"1200",1200,12,25,27,0,0,1,0,1
"1201",1201,13,22,23,0,1,0,1,1
"1202",1202,13,22,23,1,0,1,1,1
"1203",1203,13,22,23,1,0,0,1,1
"1204",1204,13,22,23,1,0,0,1,0
"1205",1205,13,22,23,1,0,1,1,0
"1206",1206,13,22,23,0,0,0,1,1
"1207",1207,13,22,23,1,0,1,1,1
"1208",1208,13,22,23,0,0,1,1,0
"1209",1209,13,22,23,0,0,1,0,1
"1210",1210,13,22,23,0,0,1,1,1
"1211",1211,13,22,23,0,0,1,1,1
"1212",1212,13,22,23,1,0,0,1,0
"1213",1213,13,22,23,1,0,1,1,1
"1214",1214,13,22,23,0,1,1,1,0
"1215",1215,13,22,23,0,0,0,1,0
"1216",1216,13,22,23,0,0,1,1,1
"1217",1217,13,22,23,1,1,1,0,1
"1218",1218,13,22,23,0,0,1,1,1
"1219",1219,13,22,23,1,0,0,1,0
"1220",1220,13,22,23,1,0,0,1,1
"1221",1221,13,22,23,1,0,1,0,0
"1222",1222,13,22,23,0,0,0,0,0
"1223",1223,13,22,23,1,0,1,1,0
"1224",1224,13,22,23,1,1,1,1,0
"1225",1225,13,22,23,0,0,1,1,1
"1226",1226,13,22,23,1,0,0,1,1
"1227",1227,13,22,23,0,0,1,1,0
"1228",1228,13,22,23,0,0,1,0,0
"1229",1229,13,22,23,0,0,0,1,1
"1230",1230,13,22,23,0,0,0,1,0
"1231",1231,13,22,23,0,0,1,0,1
"1232",1232,13,22,23,0,0,0,1,1
"1233",1233,13,22,23,1,0,0,1,1
"1234",1234,13,22,23,1,0,0,0,1
"1235",1235,13,22,23,0,0,1,1,1
"1236",1236,13,22,23,1,0,0,0,1
"1237",1237,13,22,23,1,0,1,1,1
"1238",1238,13,22,23,0,0,1,1,1
"1239",1239,13,22,23,0,0,1,1,0
"1240",1240,13,22,23,0,0,1,1,1
"1241",1241,13,22,23,1,0,1,1,1
"1242",1242,13,22,23,1,0,1,1,1
"1243",1243,13,22,23,1,1,0,1,1
"1244",1244,13,22,23,1,0,1,0,1
"1245",1245,13,22,23,0,0,1,0,1
"1246",1246,13,22,23,1,1,1,1,1
"1247",1247,13,22,23,0,1,1,0,1
"1248",1248,13,22,23,0,1,1,0,1
"1249",1249,13,22,23,0,0,0,1,0
"1250",1250,13,22,23,0,0,1,1,1
"1251",1251,13,22,23,0,0,1,1,0
"1252",1252,13,22,23,1,0,1,1,0
"1253",1253,13,22,23,0,0,0,1,0
"1254",1254,13,22,23,0,0,1,1,1
"1255",1255,13,22,23,0,0,1,1,0
"1256",1256,13,22,23,0,0,1,0,1
"1257",1257,13,22,23,0,0,1,0,1
"1258",1258,13,22,23,1,0,1,0,0
"1259",1259,13,22,23,1,0,0,1,0
"1260",1260,13,22,23,0,0,0,1,0
"1261",1261,13,22,23,0,0,1,1,1
"1262",1262,13,22,23,0,0,1,1,0
"1263",1263,13,22,23,0,0,1,1,0
"1264",1264,13,22,23,1,0,0,1,1
"1265",1265,13,22,23,1,0,1,0,1
"1266",1266,13,22,23,0,0,1,1,0
"1267",1267,13,22,23,1,0,1,1,0
"1268",1268,13,22,23,0,0,0,1,1
"1269",1269,13,22,23,0,0,0,1,1
"1270",1270,13,22,23,0,0,1,0,1
"1271",1271,13,22,23,0,0,1,1,1
"1272",1272,13,22,23,1,0,1,0,1
"1273",1273,13,22,23,0,0,1,1,1
"1274",1274,13,22,23,1,0,1,1,1
"1275",1275,13,22,23,0,0,0,1,0
"1276",1276,13,22,23,0,0,0,1,0
"1277",1277,13,22,23,0,0,1,1,0
"1278",1278,13,22,23,0,0,0,1,0
"1279",1279,13,22,23,0,0,1,0,0
"1280",1280,13,22,23,0,0,1,1,1
"1281",1281,13,22,23,1,0,1,1,1
"1282",1282,13,22,23,1,0,1,0,0
"1283",1283,13,22,23,1,0,1,0,1
"1284",1284,13,22,23,1,0,0,1,1
"1285",1285,13,22,23,1,0,0,1,1
"1286",1286,13,22,23,0,0,1,1,1
"1287",1287,13,22,23,0,0,1,1,0
"1288",1288,13,22,23,0,0,0,1,0
"1289",1289,13,22,23,0,0,0,1,0
"1290",1290,13,22,23,0,0,1,1,0
"1291",1291,13,22,23,0,0,1,1,0
"1292",1292,13,22,23,0,0,0,1,0
"1293",1293,13,22,23,1,0,1,1,0
"1294",1294,13,22,23,1,0,1,1,0
"1295",1295,13,22,23,0,0,1,0,1
"1296",1296,13,22,23,0,0,1,1,0
"1297",1297,13,22,23,0,0,1,1,1
"1298",1298,13,22,23,0,0,0,1,1
"1299",1299,13,22,23,1,0,1,1,1
"1300",1300,13,22,23,1,0,1,0,1
"1301",1301,14,31,26,1,1,0,0,1
"1302",1302,14,31,26,1,0,0,1,0
"1303",1303,14,31,26,0,0,1,1,1
"1304",1304,14,31,26,0,0,1,1,1
"1305",1305,14,31,26,1,0,1,0,1
"1306",1306,14,31,26,1,0,1,1,1
"1307",1307,14,31,26,0,0,1,1,1
"1308",1308,14,31,26,0,0,1,1,1
"1309",1309,14,31,26,0,0,1,1,0
"1310",1310,14,31,26,1,0,1,1,1
"1311",1311,14,31,26,0,0,1,1,0
"1312",1312,14,31,26,0,0,0,1,1
"1313",1313,14,31,26,1,0,1,0,1
"1314",1314,14,31,26,0,0,1,1,0
"1315",1315,14,31,26,0,0,0,1,0
"1316",1316,14,31,26,0,0,0,1,1
"1317",1317,14,31,26,0,0,0,1,1
"1318",1318,14,31,26,0,0,0,1,1
"1319",1319,14,31,26,1,1,1,1,1
"1320",1320,14,31,26,1,0,0,1,0
"1321",1321,14,31,26,0,0,1,0,0
"1322",1322,14,31,26,1,0,0,1,0
"1323",1323,14,31,26,0,0,0,0,0
"1324",1324,14,31,26,1,0,0,1,1
"1325",1325,14,31,26,1,0,0,0,1
"1326",1326,14,31,26,1,0,0,1,1
"1327",1327,14,31,26,0,0,0,0,1
"1328",1328,14,31,26,1,0,1,0,1
"1329",1329,14,31,26,0,0,1,0,1
"1330",1330,14,31,26,1,0,1,1,1
"1331",1331,14,31,26,1,1,1,1,0
"1332",1332,14,31,26,1,0,0,1,0
"1333",1333,14,31,26,0,0,1,1,0
"1334",1334,14,31,26,1,0,1,1,1
"1335",1335,14,31,26,0,0,0,1,0
"1336",1336,14,31,26,0,0,0,1,0
"1337",1337,14,31,26,0,0,1,1,0
"1338",1338,14,31,26,0,0,0,1,1
"1339",1339,14,31,26,0,0,1,0,1
"1340",1340,14,31,26,0,1,0,1,0
"1341",1341,14,31,26,1,0,1,0,0
"1342",1342,14,31,26,0,0,1,1,0
"1343",1343,14,31,26,0,0,0,0,1
"1344",1344,14,31,26,0,0,1,1,0
"1345",1345,14,31,26,0,0,1,0,1
"1346",1346,14,31,26,1,0,1,1,1
"1347",1347,14,31,26,1,1,1,0,1
"1348",1348,14,31,26,0,0,1,1,1
"1349",1349,14,31,26,0,0,0,1,1
"1350",1350,14,31,26,0,0,1,1,1
"1351",1351,14,31,26,1,0,1,1,1
"1352",1352,14,31,26,0,0,1,1,1
"1353",1353,14,31,26,0,0,0,1,0
"1354",1354,14,31,26,1,0,1,1,1
"1355",1355,14,31,26,0,0,1,1,0
"1356",1356,14,31,26,0,0,0,0,0
"1357",1357,14,31,26,1,0,1,1,1
"1358",1358,14,31,26,0,0,1,1,0
"1359",1359,14,31,26,1,0,1,1,1
"1360",1360,14,31,26,0,0,0,1,0
"1361",1361,14,31,26,1,0,0,0,1
"1362",1362,14,31,26,0,0,1,1,0
"1363",1363,14,31,26,0,0,0,1,1
"1364",1364,14,31,26,0,0,1,1,0
"1365",1365,14,31,26,0,0,1,1,0
"1366",1366,14,31,26,0,0,0,0,1
"1367",1367,14,31,26,1,0,1,1,1
"1368",1368,14,31,26,0,0,1,1,0
"1369",1369,14,31,26,1,0,0,1,0
"1370",1370,14,31,26,0,0,1,1,1
"1371",1371,14,31,26,0,0,1,0,1
"1372",1372,14,31,26,1,0,1,1,1
"1373",1373,14,31,26,0,0,1,0,1
"1374",1374,14,31,26,1,0,1,1,0
"1375",1375,14,31,26,0,1,0,0,1
"1376",1376,14,31,26,0,0,0,0,1
"1377",1377,14,31,26,0,0,0,1,1
"1378",1378,14,31,26,0,0,0,1,0
"1379",1379,14,31,26,0,0,0,1,0
"1380",1380,14,31,26,0,0,0,0,1
"1381",1381,14,31,26,1,0,1,0,0
"1382",1382,14,31,26,0,0,1,1,1
"1383",1383,14,31,26,0,0,1,1,1
"1384",1384,14,31,26,0,0,0,1,0
"1385",1385,14,31,26,0,0,0,1,0
"1386",1386,14,31,26,0,0,0,1,0
"1387",1387,14,31,26,1,0,0,0,0
"1388",1388,14,31,26,0,0,1,1,1
"1389",1389,14,31,26,0,0,0,1,0
"1390",1390,14,31,26,0,0,0,1,1
"1391",1391,14,31,26,0,0,1,1,1
"1392",1392,14,31,26,0,0,1,1,1
"1393",1393,14,31,26,1,0,1,1,0
"1394",1394,14,31,26,0,0,1,1,1
"1395",1395,14,31,26,0,0,1,1,1
"1396",1396,14,31,26,0,0,1,0,1
"1397",1397,14,31,26,0,0,1,0,0
"1398",1398,14,31,26,0,0,0,1,1
"1399",1399,14,31,26,0,0,0,1,0
"1400",1400,14,31,26,0,0,1,1,1
"1401",1401,15,23,23,1,0,1,1,0
"1402",1402,15,23,23,1,1,0,1,0
"1403",1403,15,23,23,0,0,1,1,1
"1404",1404,15,23,23,1,0,1,1,1
"1405",1405,15,23,23,0,0,1,0,0
"1406",1406,15,23,23,1,0,1,1,1
"1407",1407,15,23,23,1,0,0,1,1
"1408",1408,15,23,23,0,0,1,0,1
"1409",1409,15,23,23,0,0,0,1,0
"1410",1410,15,23,23,0,0,1,0,0
"1411",1411,15,23,23,0,0,0,1,0
"1412",1412,15,23,23,0,0,1,0,0
"1413",1413,15,23,23,1,0,0,0,0
"1414",1414,15,23,23,0,0,1,1,0
"1415",1415,15,23,23,0,0,1,0,1
"1416",1416,15,23,23,1,0,1,0,1
"1417",1417,15,23,23,0,0,1,1,0
"1418",1418,15,23,23,1,0,1,1,1
"1419",1419,15,23,23,0,0,1,1,1
"1420",1420,15,23,23,1,0,1,1,1
"1421",1421,15,23,23,0,0,1,0,1
"1422",1422,15,23,23,0,0,1,1,1
"1423",1423,15,23,23,0,0,0,0,0
"1424",1424,15,23,23,1,0,0,1,1
"1425",1425,15,23,23,0,0,1,1,0
"1426",1426,15,23,23,0,0,0,0,0
"1427",1427,15,23,23,1,1,1,1,1
"1428",1428,15,23,23,0,0,1,1,0
"1429",1429,15,23,23,0,0,0,0,1
"1430",1430,15,23,23,0,0,1,1,1
"1431",1431,15,23,23,1,0,1,0,1
"1432",1432,15,23,23,0,0,1,1,0
"1433",1433,15,23,23,0,0,1,1,0
"1434",1434,15,23,23,0,0,1,0,1
"1435",1435,15,23,23,0,0,1,1,1
"1436",1436,15,23,23,0,0,0,1,0
"1437",1437,15,23,23,1,0,1,1,1
"1438",1438,15,23,23,0,0,0,1,1
"1439",1439,15,23,23,0,0,1,1,1
"1440",1440,15,23,23,0,0,0,1,1
"1441",1441,15,23,23,1,0,1,1,0
"1442",1442,15,23,23,1,1,0,1,1
"1443",1443,15,23,23,1,0,0,1,0
"1444",1444,15,23,23,1,0,1,1,1
"1445",1445,15,23,23,0,0,1,0,0
"1446",1446,15,23,23,0,0,0,1,1
"1447",1447,15,23,23,0,0,0,0,0
"1448",1448,15,23,23,0,0,1,1,0
"1449",1449,15,23,23,1,0,1,0,0
"1450",1450,15,23,23,1,0,1,1,0
"1451",1451,15,23,23,0,0,1,0,1
"1452",1452,15,23,23,1,0,1,0,1
"1453",1453,15,23,23,0,0,1,1,0
"1454",1454,15,23,23,0,0,1,0,1
"1455",1455,15,23,23,0,0,0,0,1
"1456",1456,15,23,23,1,0,0,1,0
"1457",1457,15,23,23,0,0,0,1,0
"1458",1458,15,23,23,0,0,1,0,0
"1459",1459,15,23,23,0,0,0,1,1
"1460",1460,15,23,23,1,0,0,1,0
"1461",1461,15,23,23,0,0,1,1,0
"1462",1462,15,23,23,0,0,1,1,1
"1463",1463,15,23,23,1,0,1,1,0
"1464",1464,15,23,23,0,0,1,1,0
"1465",1465,15,23,23,0,0,1,1,0
"1466",1466,15,23,23,1,0,1,1,0
"1467",1467,15,23,23,1,0,1,1,0
"1468",1468,15,23,23,1,0,0,1,0
"1469",1469,15,23,23,1,0,1,1,0
"1470",1470,15,23,23,0,0,0,1,1
"1471",1471,15,23,23,1,0,0,1,1
"1472",1472,15,23,23,1,0,0,0,1
"1473",1473,15,23,23,0,0,0,1,0
"1474",1474,15,23,23,0,0,1,0,0
"1475",1475,15,23,23,0,0,1,1,1
"1476",1476,15,23,23,0,0,1,1,1
"1477",1477,15,23,23,0,0,0,1,1
"1478",1478,15,23,23,1,0,1,1,0
"1479",1479,15,23,23,0,0,1,1,1
"1480",1480,15,23,23,1,0,0,0,0
"1481",1481,15,23,23,0,0,1,1,0
"1482",1482,15,23,23,0,0,1,1,0
"1483",1483,15,23,23,0,0,0,1,1
"1484",1484,15,23,23,0,0,0,0,1
"1485",1485,15,23,23,0,0,1,0,0
"1486",1486,15,23,23,0,0,1,1,1
"1487",1487,15,23,23,1,0,1,1,1
"1488",1488,15,23,23,0,0,0,1,1
"1489",1489,15,23,23,1,0,1,0,0
"1490",1490,15,23,23,0,0,1,1,0
"1491",1491,15,23,23,1,0,0,1,0
"1492",1492,15,23,23,0,0,0,1,0
"1493",1493,15,23,23,1,0,1,1,1
"1494",1494,15,23,23,0,0,0,0,1
"1495",1495,15,23,23,0,0,1,1,1
"1496",1496,15,23,23,0,0,1,1,1
"1497",1497,15,23,23,0,0,1,1,1
"1498",1498,15,23,23,0,0,0,0,1
"1499",1499,15,23,23,0,0,0,0,0
"1500",1500,15,23,23,0,0,1,0,1
"1501",1501,16,29,25,0,0,1,1,1
"1502",1502,16,29,25,0,0,1,1,0
"1503",1503,16,29,25,0,0,0,1,0
"1504",1504,16,29,25,0,0,1,1,1
"1505",1505,16,29,25,0,1,1,1,1
"1506",1506,16,29,25,0,0,1,1,0
"1507",1507,16,29,25,1,0,0,0,0
"1508",1508,16,29,25,0,0,0,1,1
"1509",1509,16,29,25,0,0,1,1,1
"1510",1510,16,29,25,1,0,0,1,0
"1511",1511,16,29,25,0,0,0,1,0
"1512",1512,16,29,25,0,0,1,1,1
"1513",1513,16,29,25,0,0,1,0,1
"1514",1514,16,29,25,1,0,0,0,1
"1515",1515,16,29,25,0,0,0,0,1
"1516",1516,16,29,25,1,0,1,1,0
"1517",1517,16,29,25,1,0,0,0,1
"1518",1518,16,29,25,0,0,0,1,0
"1519",1519,16,29,25,0,0,0,1,1
"1520",1520,16,29,25,0,0,1,1,0
"1521",1521,16,29,25,0,0,0,1,1
"1522",1522,16,29,25,0,0,0,1,1
"1523",1523,16,29,25,1,0,1,1,1
"1524",1524,16,29,25,0,0,1,1,0
"1525",1525,16,29,25,0,0,0,0,0
"1526",1526,16,29,25,1,0,1,0,1
"1527",1527,16,29,25,1,0,1,1,0
"1528",1528,16,29,25,1,0,1,1,1
"1529",1529,16,29,25,0,1,1,1,0
"1530",1530,16,29,25,0,0,1,1,0
"1531",1531,16,29,25,0,0,1,1,1
"1532",1532,16,29,25,0,0,1,1,0
"1533",1533,16,29,25,0,0,1,1,1
"1534",1534,16,29,25,0,0,1,1,0
"1535",1535,16,29,25,0,0,1,1,0
"1536",1536,16,29,25,0,1,1,1,1
"1537",1537,16,29,25,0,0,1,1,0
"1538",1538,16,29,25,0,0,1,1,0
"1539",1539,16,29,25,1,0,1,0,0
"1540",1540,16,29,25,0,0,1,0,0
"1541",1541,16,29,25,0,0,1,1,0
"1542",1542,16,29,25,0,0,0,1,1
"1543",1543,16,29,25,1,0,1,1,1
"1544",1544,16,29,25,0,0,1,1,1
"1545",1545,16,29,25,0,0,0,1,0
"1546",1546,16,29,25,0,0,1,1,0
"1547",1547,16,29,25,0,0,1,1,1
"1548",1548,16,29,25,1,0,1,0,1
"1549",1549,16,29,25,0,0,0,0,0
"1550",1550,16,29,25,0,0,1,1,1
"1551",1551,16,29,25,1,0,1,1,1
"1552",1552,16,29,25,0,0,1,1,1
"1553",1553,16,29,25,0,1,1,0,0
"1554",1554,16,29,25,1,0,0,1,0
"1555",1555,16,29,25,0,0,1,1,0
"1556",1556,16,29,25,0,0,1,1,0
"1557",1557,16,29,25,0,0,0,1,0
"1558",1558,16,29,25,1,0,0,1,0
"1559",1559,16,29,25,1,0,1,1,1
"1560",1560,16,29,25,1,0,1,1,0
"1561",1561,16,29,25,0,0,1,1,1
"1562",1562,16,29,25,0,0,0,1,0
"1563",1563,16,29,25,0,0,1,1,0
"1564",1564,16,29,25,0,0,1,1,1
"1565",1565,16,29,25,0,0,0,0,0
"1566",1566,16,29,25,1,1,1,1,0
"1567",1567,16,29,25,0,0,1,1,0
"1568",1568,16,29,25,0,0,0,1,0
"1569",1569,16,29,25,0,0,1,1,1
"1570",1570,16,29,25,1,0,0,1,1
"1571",1571,16,29,25,1,0,1,1,1
"1572",1572,16,29,25,1,0,0,1,1
"1573",1573,16,29,25,0,0,1,1,0
"1574",1574,16,29,25,1,0,0,1,0
"1575",1575,16,29,25,1,0,0,1,0
"1576",1576,16,29,25,1,0,0,0,0
"1577",1577,16,29,25,1,0,1,0,0
"1578",1578,16,29,25,0,0,1,1,1
"1579",1579,16,29,25,0,1,0,1,0
"1580",1580,16,29,25,1,0,1,1,1
"1581",1581,16,29,25,0,0,0,0,1
"1582",1582,16,29,25,0,0,1,1,0
"1583",1583,16,29,25,0,1,1,0,1
"1584",1584,16,29,25,0,0,0,0,0
"1585",1585,16,29,25,0,0,1,1,1
"1586",1586,16,29,25,0,0,0,1,0
"1587",1587,16,29,25,1,0,0,1,0
"1588",1588,16,29,25,1,0,1,1,0
"1589",1589,16,29,25,1,0,0,1,0
"1590",1590,16,29,25,1,0,1,1,1
"1591",1591,16,29,25,1,0,1,1,0
"1592",1592,16,29,25,0,0,0,1,0
"1593",1593,16,29,25,0,0,1,1,1
"1594",1594,16,29,25,0,0,0,1,0
"1595",1595,16,29,25,1,0,0,1,1
"1596",1596,16,29,25,0,0,1,0,0
"1597",1597,16,29,25,1,0,1,0,1
"1598",1598,16,29,25,0,0,1,1,1
"1599",1599,16,29,25,1,0,1,1,1
"1600",1600,16,29,25,1,0,1,1,1
"1601",1601,17,22,27,0,0,0,1,1
"1602",1602,17,22,27,1,0,0,0,0
"1603",1603,17,22,27,1,0,0,0,1
"1604",1604,17,22,27,0,0,0,0,0
"1605",1605,17,22,27,1,0,1,1,1
"1606",1606,17,22,27,0,0,0,1,0
"1607",1607,17,22,27,1,0,0,1,0
"1608",1608,17,22,27,0,1,0,1,1
"1609",1609,17,22,27,0,0,1,1,1
"1610",1610,17,22,27,0,0,1,1,0
"1611",1611,17,22,27,1,0,0,0,0
"1612",1612,17,22,27,0,0,0,1,1
"1613",1613,17,22,27,0,0,1,1,1
"1614",1614,17,22,27,0,0,1,1,1
"1615",1615,17,22,27,0,0,1,1,0
"1616",1616,17,22,27,0,0,1,1,1
"1617",1617,17,22,27,1,0,0,0,1
"1618",1618,17,22,27,0,0,1,1,1
"1619",1619,17,22,27,1,0,1,0,1
"1620",1620,17,22,27,0,0,1,0,0
"1621",1621,17,22,27,0,0,0,1,0
"1622",1622,17,22,27,1,0,0,0,1
"1623",1623,17,22,27,0,0,1,1,1
"1624",1624,17,22,27,0,0,1,1,0
"1625",1625,17,22,27,0,0,1,1,0
"1626",1626,17,22,27,0,0,1,0,1
"1627",1627,17,22,27,1,0,0,1,1
"1628",1628,17,22,27,0,0,0,1,1
"1629",1629,17,22,27,0,0,0,0,1
"1630",1630,17,22,27,1,0,1,1,0
"1631",1631,17,22,27,1,0,0,1,1
"1632",1632,17,22,27,1,0,1,0,1
"1633",1633,17,22,27,1,0,0,1,1
"1634",1634,17,22,27,0,0,1,1,1
"1635",1635,17,22,27,0,0,1,1,0
"1636",1636,17,22,27,0,0,1,1,0
"1637",1637,17,22,27,0,0,0,1,0
"1638",1638,17,22,27,1,1,1,0,1
"1639",1639,17,22,27,0,0,0,1,0
"1640",1640,17,22,27,1,0,1,1,1
"1641",1641,17,22,27,0,0,1,1,1
"1642",1642,17,22,27,1,0,1,1,0
"1643",1643,17,22,27,0,0,1,0,1
"1644",1644,17,22,27,0,0,1,1,0
"1645",1645,17,22,27,1,0,1,1,0
"1646",1646,17,22,27,1,0,1,1,0
"1647",1647,17,22,27,0,1,1,1,1
"1648",1648,17,22,27,1,0,0,1,1
"1649",1649,17,22,27,0,0,0,0,1
"1650",1650,17,22,27,0,0,1,1,0
"1651",1651,17,22,27,0,0,0,1,0
"1652",1652,17,22,27,0,0,1,1,0
"1653",1653,17,22,27,1,0,1,1,0
"1654",1654,17,22,27,1,0,1,1,0
"1655",1655,17,22,27,0,0,1,1,0
"1656",1656,17,22,27,1,0,1,1,0
"1657",1657,17,22,27,0,0,0,1,1
"1658",1658,17,22,27,0,0,1,1,0
"1659",1659,17,22,27,0,0,1,1,1
"1660",1660,17,22,27,0,0,0,1,1
"1661",1661,17,22,27,0,0,1,0,0
"1662",1662,17,22,27,0,0,0,1,1
"1663",1663,17,22,27,0,0,1,0,0
"1664",1664,17,22,27,0,0,0,1,0
"1665",1665,17,22,27,1,0,1,1,1
"1666",1666,17,22,27,0,0,0,1,0
"1667",1667,17,22,27,0,0,1,1,1
"1668",1668,17,22,27,0,0,0,1,1
"1669",1669,17,22,27,0,0,0,0,0
"1670",1670,17,22,27,1,0,1,1,0
"1671",1671,17,22,27,1,0,1,1,1
"1672",1672,17,22,27,0,0,1,1,0
"1673",1673,17,22,27,0,0,1,1,1
"1674",1674,17,22,27,0,0,0,1,0
"1675",1675,17,22,27,1,0,0,1,1
"1676",1676,17,22,27,1,0,1,1,0
"1677",1677,17,22,27,0,0,0,1,0
"1678",1678,17,22,27,0,0,1,1,1
"1679",1679,17,22,27,0,0,0,1,1
"1680",1680,17,22,27,1,0,1,1,1
"1681",1681,17,22,27,0,0,1,1,1
"1682",1682,17,22,27,1,0,0,1,0
"1683",1683,17,22,27,1,0,1,1,1
"1684",1684,17,22,27,1,0,0,1,1
"1685",1685,17,22,27,0,0,0,1,1
"1686",1686,17,22,27,1,1,0,0,1
"1687",1687,17,22,27,0,0,1,1,1
"1688",1688,17,22,27,0,0,1,1,0
"1689",1689,17,22,27,1,0,0,1,0
"1690",1690,17,22,27,1,0,0,1,1
"1691",1691,17,22,27,1,1,0,1,1
"1692",1692,17,22,27,0,0,1,1,0
"1693",1693,17,22,27,0,0,1,1,0
"1694",1694,17,22,27,0,0,1,1,0
"1695",1695,17,22,27,1,0,1,1,0
"1696",1696,17,22,27,1,0,0,1,0
"1697",1697,17,22,27,1,0,1,1,0
"1698",1698,17,22,27,0,0,0,1,0
"1699",1699,17,22,27,0,0,1,1,0
"1700",1700,17,22,27,1,0,1,1,1
"1701",1701,18,22,25,1,0,1,1,1
"1702",1702,18,22,25,1,0,0,1,0
"1703",1703,18,22,25,0,0,1,1,0
"1704",1704,18,22,25,0,0,0,0,1
"1705",1705,18,22,25,0,0,1,1,0
"1706",1706,18,22,25,0,0,0,1,0
"1707",1707,18,22,25,0,0,1,1,1
"1708",1708,18,22,25,0,0,1,1,1
"1709",1709,18,22,25,0,0,1,1,1
"1710",1710,18,22,25,0,0,1,1,0
"1711",1711,18,22,25,0,0,1,0,0
"1712",1712,18,22,25,0,0,1,1,0
"1713",1713,18,22,25,1,0,1,0,0
"1714",1714,18,22,25,1,0,1,0,1
"1715",1715,18,22,25,0,0,1,0,0
"1716",1716,18,22,25,1,0,1,0,0
"1717",1717,18,22,25,0,0,0,0,0
"1718",1718,18,22,25,1,1,1,1,1
"1719",1719,18,22,25,0,0,1,1,0
"1720",1720,18,22,25,1,0,1,1,1
"1721",1721,18,22,25,0,1,0,1,0
"1722",1722,18,22,25,0,0,0,0,0
"1723",1723,18,22,25,0,0,0,0,0
"1724",1724,18,22,25,1,0,0,1,0
"1725",1725,18,22,25,0,0,1,0,0
"1726",1726,18,22,25,0,0,0,1,1
"1727",1727,18,22,25,1,0,0,0,1
"1728",1728,18,22,25,1,0,1,0,0
"1729",1729,18,22,25,0,0,1,1,0
"1730",1730,18,22,25,1,0,1,0,1
"1731",1731,18,22,25,1,0,1,1,1
"1732",1732,18,22,25,0,0,0,1,1
"1733",1733,18,22,25,0,0,1,0,0
"1734",1734,18,22,25,0,0,1,1,1
"1735",1735,18,22,25,0,0,1,0,1
"1736",1736,18,22,25,0,0,0,0,0
"1737",1737,18,22,25,1,0,1,1,0
"1738",1738,18,22,25,0,0,1,1,0
"1739",1739,18,22,25,0,0,1,1,0
"1740",1740,18,22,25,1,0,1,1,0
"1741",1741,18,22,25,1,0,1,1,1
"1742",1742,18,22,25,1,0,0,0,1
"1743",1743,18,22,25,0,0,1,1,0
"1744",1744,18,22,25,0,0,0,1,0
"1745",1745,18,22,25,1,0,0,0,1
"1746",1746,18,22,25,0,0,0,0,1
"1747",1747,18,22,25,0,0,0,1,0
"1748",1748,18,22,25,0,0,1,0,1
"1749",1749,18,22,25,1,0,0,0,1
"1750",1750,18,22,25,1,0,0,1,1
"1751",1751,18,22,25,0,0,0,1,0
"1752",1752,18,22,25,0,0,1,1,1
"1753",1753,18,22,25,0,0,0,1,0
"1754",1754,18,22,25,1,0,1,1,0
"1755",1755,18,22,25,1,0,0,1,1
"1756",1756,18,22,25,1,0,0,1,1
"1757",1757,18,22,25,0,0,1,1,1
"1758",1758,18,22,25,1,0,1,1,1
"1759",1759,18,22,25,0,0,1,1,0
"1760",1760,18,22,25,0,1,0,1,1
"1761",1761,18,22,25,0,0,1,0,1
"1762",1762,18,22,25,0,0,0,0,0
"1763",1763,18,22,25,0,0,1,1,1
"1764",1764,18,22,25,0,0,1,1,0
"1765",1765,18,22,25,1,0,1,1,1
"1766",1766,18,22,25,0,0,1,1,1
"1767",1767,18,22,25,0,0,0,1,1
"1768",1768,18,22,25,0,0,0,1,0
"1769",1769,18,22,25,0,0,1,0,1
"1770",1770,18,22,25,0,0,1,1,0
"1771",1771,18,22,25,1,0,0,1,0
"1772",1772,18,22,25,0,0,1,1,1
"1773",1773,18,22,25,0,0,1,1,0
"1774",1774,18,22,25,1,1,0,1,1
"1775",1775,18,22,25,0,0,0,1,0
"1776",1776,18,22,25,1,0,1,1,1
"1777",1777,18,22,25,0,0,0,1,0
"1778",1778,18,22,25,0,0,1,0,1
"1779",1779,18,22,25,0,0,1,1,1
"1780",1780,18,22,25,0,0,1,1,0
"1781",1781,18,22,25,1,0,1,1,0
"1782",1782,18,22,25,1,0,1,1,1
"1783",1783,18,22,25,1,0,1,1,0
"1784",1784,18,22,25,1,1,0,1,1
"1785",1785,18,22,25,1,0,0,1,0
"1786",1786,18,22,25,1,0,1,1,1
"1787",1787,18,22,25,0,0,0,1,1
"1788",1788,18,22,25,0,0,1,1,0
"1789",1789,18,22,25,0,0,1,1,0
"1790",1790,18,22,25,0,0,0,0,0
"1791",1791,18,22,25,1,0,1,1,0
"1792",1792,18,22,25,1,0,0,1,0
"1793",1793,18,22,25,0,0,0,1,0
"1794",1794,18,22,25,1,0,0,1,0
"1795",1795,18,22,25,0,0,1,1,1
"1796",1796,18,22,25,1,0,1,1,1
"1797",1797,18,22,25,1,0,0,1,1
"1798",1798,18,22,25,0,0,0,1,0
"1799",1799,18,22,25,0,0,1,1,0
"1800",1800,18,22,25,1,0,1,1,1
"1801",1801,19,21,22,0,0,1,1,0
"1802",1802,19,21,22,0,0,1,1,1
"1803",1803,19,21,22,0,0,1,1,1
"1804",1804,19,21,22,0,1,0,1,1
"1805",1805,19,21,22,1,0,1,0,0
"1806",1806,19,21,22,0,1,1,1,0
"1807",1807,19,21,22,1,0,1,1,0
"1808",1808,19,21,22,0,0,1,1,1
"1809",1809,19,21,22,0,0,0,1,1
"1810",1810,19,21,22,0,0,0,1,0
"1811",1811,19,21,22,0,0,0,1,0
"1812",1812,19,21,22,0,0,1,0,1
"1813",1813,19,21,22,1,0,1,0,0
"1814",1814,19,21,22,0,0,1,1,1
"1815",1815,19,21,22,1,0,0,1,1
"1816",1816,19,21,22,1,0,1,1,1
"1817",1817,19,21,22,1,0,1,1,1
"1818",1818,19,21,22,1,0,0,1,1
"1819",1819,19,21,22,0,0,1,1,1
"1820",1820,19,21,22,0,0,1,1,1
"1821",1821,19,21,22,0,0,1,1,0
"1822",1822,19,21,22,0,0,1,1,1
"1823",1823,19,21,22,0,0,1,1,0
"1824",1824,19,21,22,0,0,0,1,1
"1825",1825,19,21,22,0,0,1,1,1
"1826",1826,19,21,22,1,0,0,1,0
"1827",1827,19,21,22,1,0,0,1,0
"1828",1828,19,21,22,0,0,0,1,0
"1829",1829,19,21,22,1,0,0,1,0
"1830",1830,19,21,22,0,0,1,1,1
"1831",1831,19,21,22,0,0,0,1,0
"1832",1832,19,21,22,1,0,1,0,0
"1833",1833,19,21,22,1,0,1,1,1
"1834",1834,19,21,22,0,0,1,1,0
"1835",1835,19,21,22,0,0,1,1,0
"1836",1836,19,21,22,0,0,1,1,1
"1837",1837,19,21,22,0,0,0,1,1
"1838",1838,19,21,22,1,0,0,1,0
"1839",1839,19,21,22,1,0,1,1,1
"1840",1840,19,21,22,0,0,1,1,1
"1841",1841,19,21,22,1,0,1,1,1
"1842",1842,19,21,22,1,0,1,0,1
"1843",1843,19,21,22,1,0,0,0,1
"1844",1844,19,21,22,0,0,0,1,1
"1845",1845,19,21,22,0,0,0,1,1
"1846",1846,19,21,22,1,0,1,1,1
"1847",1847,19,21,22,0,0,1,1,0
"1848",1848,19,21,22,0,1,1,1,1
"1849",1849,19,21,22,0,0,1,1,1
"1850",1850,19,21,22,0,0,1,1,1
"1851",1851,19,21,22,0,0,0,0,1
"1852",1852,19,21,22,0,0,0,0,0
"1853",1853,19,21,22,0,0,1,1,1
"1854",1854,19,21,22,0,0,1,1,0
"1855",1855,19,21,22,0,0,1,1,1
"1856",1856,19,21,22,0,0,0,1,0
"1857",1857,19,21,22,0,0,1,0,1
"1858",1858,19,21,22,0,0,1,1,1
"1859",1859,19,21,22,0,0,1,1,0
"1860",1860,19,21,22,0,0,1,0,1
"1861",1861,19,21,22,0,0,1,1,0
"1862",1862,19,21,22,0,0,1,1,1
"1863",1863,19,21,22,0,0,1,1,0
"1864",1864,19,21,22,1,0,1,1,0
"1865",1865,19,21,22,0,0,1,1,1
"1866",1866,19,21,22,1,0,1,1,1
"1867",1867,19,21,22,0,0,0,1,0
"1868",1868,19,21,22,0,0,1,0,0
"1869",1869,19,21,22,0,0,0,1,0
"1870",1870,19,21,22,0,0,1,1,1
"1871",1871,19,21,22,0,0,0,1,0
"1872",1872,19,21,22,0,0,1,1,1
"1873",1873,19,21,22,1,0,1,1,1
"1874",1874,19,21,22,0,0,1,1,1
"1875",1875,19,21,22,1,0,1,1,0
"1876",1876,19,21,22,1,0,1,1,1
"1877",1877,19,21,22,0,0,1,1,0
"1878",1878,19,21,22,0,0,0,0,0
"1879",1879,19,21,22,0,0,1,0,0
"1880",1880,19,21,22,0,1,1,1,0
"1881",1881,19,21,22,1,0,1,1,0
"1882",1882,19,21,22,0,0,1,1,1
"1883",1883,19,21,22,0,0,0,1,0
"1884",1884,19,21,22,0,0,0,1,1
"1885",1885,19,21,22,0,0,1,1,0
"1886",1886,19,21,22,1,0,1,1,0
"1887",1887,19,21,22,0,0,1,1,0
"1888",1888,19,21,22,0,0,1,1,0
"1889",1889,19,21,22,0,0,0,1,0
"1890",1890,19,21,22,0,0,0,1,0
"1891",1891,19,21,22,0,0,1,1,0
"1892",1892,19,21,22,0,0,1,1,0
"1893",1893,19,21,22,1,0,0,1,0
"1894",1894,19,21,22,0,0,1,1,0
"1895",1895,19,21,22,0,0,1,1,1
"1896",1896,19,21,22,1,0,0,0,0
"1897",1897,19,21,22,0,0,1,0,1
"1898",1898,19,21,22,1,0,0,0,0
"1899",1899,19,21,22,1,0,1,1,1
"1900",1900,19,21,22,0,1,0,1,1
"1901",1901,20,22,28,0,0,0,0,1
"1902",1902,20,22,28,0,0,1,1,0
"1903",1903,20,22,28,0,0,0,1,0
"1904",1904,20,22,28,0,0,0,0,0
"1905",1905,20,22,28,0,0,1,0,0
"1906",1906,20,22,28,0,0,1,0,1
"1907",1907,20,22,28,1,0,1,1,1
"1908",1908,20,22,28,0,0,0,1,0
"1909",1909,20,22,28,1,0,0,0,0
"1910",1910,20,22,28,0,0,0,1,0
"1911",1911,20,22,28,1,0,1,0,0
"1912",1912,20,22,28,1,0,0,1,1
"1913",1913,20,22,28,1,0,1,1,1
"1914",1914,20,22,28,0,0,1,1,1
"1915",1915,20,22,28,0,0,1,0,1
"1916",1916,20,22,28,0,0,1,1,1
"1917",1917,20,22,28,0,0,1,1,0
"1918",1918,20,22,28,1,1,0,1,1
"1919",1919,20,22,28,0,0,0,1,1
"1920",1920,20,22,28,0,0,1,1,1
"1921",1921,20,22,28,0,0,0,0,0
"1922",1922,20,22,28,1,0,0,0,1
"1923",1923,20,22,28,1,0,1,0,1
"1924",1924,20,22,28,1,0,1,0,0
"1925",1925,20,22,28,0,0,1,1,1
"1926",1926,20,22,28,1,0,1,1,0
"1927",1927,20,22,28,0,0,0,0,1
"1928",1928,20,22,28,1,0,0,1,0
"1929",1929,20,22,28,1,0,1,1,0
"1930",1930,20,22,28,0,0,1,1,1
"1931",1931,20,22,28,1,0,1,0,1
"1932",1932,20,22,28,0,0,1,1,0
"1933",1933,20,22,28,0,0,1,1,1
"1934",1934,20,22,28,0,0,0,1,1
"1935",1935,20,22,28,0,0,1,1,1
"1936",1936,20,22,28,1,0,1,0,1
"1937",1937,20,22,28,0,0,1,1,1
"1938",1938,20,22,28,0,0,1,0,1
"1939",1939,20,22,28,0,0,1,1,0
"1940",1940,20,22,28,0,0,0,1,0
"1941",1941,20,22,28,1,0,0,1,0
"1942",1942,20,22,28,0,0,1,1,0
"1943",1943,20,22,28,0,0,1,1,1
"1944",1944,20,22,28,1,0,0,0,0
"1945",1945,20,22,28,0,0,0,0,0
"1946",1946,20,22,28,0,0,1,1,0
"1947",1947,20,22,28,0,0,1,0,0
"1948",1948,20,22,28,1,0,1,1,0
"1949",1949,20,22,28,1,0,1,1,1
"1950",1950,20,22,28,0,0,1,1,1
"1951",1951,20,22,28,0,0,0,1,1
"1952",1952,20,22,28,0,0,1,0,0
"1953",1953,20,22,28,0,0,1,1,1
"1954",1954,20,22,28,0,0,1,1,1
"1955",1955,20,22,28,1,0,0,1,0
"1956",1956,20,22,28,1,0,1,1,1
"1957",1957,20,22,28,0,0,1,1,1
"1958",1958,20,22,28,0,0,1,1,0
"1959",1959,20,22,28,0,0,0,1,0
"1960",1960,20,22,28,0,0,1,1,1
"1961",1961,20,22,28,0,0,0,1,0
"1962",1962,20,22,28,1,0,1,0,1
"1963",1963,20,22,28,0,0,1,1,1
"1964",1964,20,22,28,0,0,1,0,0
"1965",1965,20,22,28,0,0,1,1,0
"1966",1966,20,22,28,0,0,0,1,1
"1967",1967,20,22,28,0,0,0,1,1
"1968",1968,20,22,28,1,0,1,0,0
"1969",1969,20,22,28,1,0,1,1,1
"1970",1970,20,22,28,0,0,0,1,0
"1971",1971,20,22,28,0,0,1,1,0
"1972",1972,20,22,28,1,0,0,0,0
"1973",1973,20,22,28,0,0,0,1,0
"1974",1974,20,22,28,1,0,1,1,0
"1975",1975,20,22,28,0,0,1,1,1
"1976",1976,20,22,28,1,0,1,1,1
"1977",1977,20,22,28,0,0,1,1,1
"1978",1978,20,22,28,0,0,0,1,1
"1979",1979,20,22,28,0,0,1,1,1
"1980",1980,20,22,28,0,0,1,0,1
"1981",1981,20,22,28,0,0,1,1,1
"1982",1982,20,22,28,0,0,1,0,1
"1983",1983,20,22,28,1,0,0,1,1
"1984",1984,20,22,28,0,0,1,1,1
"1985",1985,20,22,28,0,0,0,1,0
"1986",1986,20,22,28,0,0,0,1,1
"1987",1987,20,22,28,0,1,0,0,1
"1988",1988,20,22,28,0,0,1,1,1
"1989",1989,20,22,28,1,0,1,1,0
"1990",1990,20,22,28,0,0,1,1,1
"1991",1991,20,22,28,1,0,0,1,0
"1992",1992,20,22,28,1,0,0,1,0
"1993",1993,20,22,28,1,0,0,0,1
"1994",1994,20,22,28,0,0,1,1,1
"1995",1995,20,22,28,0,1,0,1,0
"1996",1996,20,22,28,0,0,1,1,0
"1997",1997,20,22,28,0,0,0,0,0
"1998",1998,20,22,28,0,0,0,1,1
"1999",1999,20,22,28,0,0,1,0,1
"2000",2000,20,22,28,0,0,1,0,1
"2001",2001,21,23,19,0,1,0,1,0
"2002",2002,21,23,19,0,0,1,1,1
"2003",2003,21,23,19,1,0,1,1,0
"2004",2004,21,23,19,1,0,1,0,1
"2005",2005,21,23,19,0,0,0,1,1
"2006",2006,21,23,19,1,0,1,1,1
"2007",2007,21,23,19,1,0,0,1,1
"2008",2008,21,23,19,0,0,1,1,0
"2009",2009,21,23,19,0,0,1,0,1
"2010",2010,21,23,19,0,0,0,1,1
"2011",2011,21,23,19,1,0,1,0,0
"2012",2012,21,23,19,1,0,1,1,0
"2013",2013,21,23,19,1,0,1,1,0
"2014",2014,21,23,19,1,0,0,1,0
"2015",2015,21,23,19,0,0,1,1,0
"2016",2016,21,23,19,0,0,1,1,0
"2017",2017,21,23,19,0,0,1,1,1
"2018",2018,21,23,19,0,0,0,1,0
"2019",2019,21,23,19,0,0,0,1,1
"2020",2020,21,23,19,0,0,1,1,1
"2021",2021,21,23,19,0,1,0,1,1
"2022",2022,21,23,19,0,0,0,1,0
"2023",2023,21,23,19,0,0,1,1,0
"2024",2024,21,23,19,0,0,1,1,1
"2025",2025,21,23,19,0,0,1,1,0
"2026",2026,21,23,19,1,0,1,1,1
"2027",2027,21,23,19,0,0,1,0,1
"2028",2028,21,23,19,0,0,0,1,0
"2029",2029,21,23,19,0,0,1,1,0
"2030",2030,21,23,19,1,0,1,1,1
"2031",2031,21,23,19,1,0,1,0,0
"2032",2032,21,23,19,0,0,0,0,0
"2033",2033,21,23,19,1,0,1,0,1
"2034",2034,21,23,19,0,0,1,0,1
"2035",2035,21,23,19,0,0,0,1,1
"2036",2036,21,23,19,0,0,1,0,0
"2037",2037,21,23,19,1,0,0,1,0
"2038",2038,21,23,19,0,0,1,0,0
"2039",2039,21,23,19,0,0,0,1,1
"2040",2040,21,23,19,1,0,1,1,0
"2041",2041,21,23,19,0,0,1,1,0
"2042",2042,21,23,19,1,0,0,0,0
"2043",2043,21,23,19,0,0,0,0,0
"2044",2044,21,23,19,0,0,1,1,1
"2045",2045,21,23,19,0,0,0,1,0
"2046",2046,21,23,19,0,0,0,0,1
"2047",2047,21,23,19,0,0,1,0,1
"2048",2048,21,23,19,1,0,1,0,1
"2049",2049,21,23,19,0,0,1,1,0
"2050",2050,21,23,19,1,0,1,1,1
"2051",2051,21,23,19,1,0,1,0,0
"2052",2052,21,23,19,0,0,0,1,0
"2053",2053,21,23,19,1,0,1,1,0
"2054",2054,21,23,19,1,0,1,0,1
"2055",2055,21,23,19,1,0,0,1,1
"2056",2056,21,23,19,1,0,1,1,1
"2057",2057,21,23,19,1,0,1,1,0
"2058",2058,21,23,19,0,0,1,0,0
"2059",2059,21,23,19,1,0,0,0,0
"2060",2060,21,23,19,0,0,0,0,0
"2061",2061,21,23,19,0,0,0,1,1
"2062",2062,21,23,19,1,0,0,1,0
"2063",2063,21,23,19,0,0,0,0,0
"2064",2064,21,23,19,1,0,1,1,0
"2065",2065,21,23,19,1,0,0,0,0
"2066",2066,21,23,19,0,0,1,1,1
"2067",2067,21,23,19,0,0,0,1,1
"2068",2068,21,23,19,1,0,1,1,0
"2069",2069,21,23,19,0,1,0,0,0
"2070",2070,21,23,19,0,0,0,0,1
"2071",2071,21,23,19,0,0,1,1,1
"2072",2072,21,23,19,0,0,1,1,0
"2073",2073,21,23,19,0,0,1,1,1
"2074",2074,21,23,19,0,0,0,1,0
"2075",2075,21,23,19,0,0,1,1,1
"2076",2076,21,23,19,1,0,1,1,1
"2077",2077,21,23,19,1,0,1,1,0
"2078",2078,21,23,19,0,0,0,1,0
"2079",2079,21,23,19,0,0,1,0,1
"2080",2080,21,23,19,0,0,1,0,0
"2081",2081,21,23,19,1,0,1,0,1
"2082",2082,21,23,19,1,0,1,0,0
"2083",2083,21,23,19,1,0,0,1,0
"2084",2084,21,23,19,1,0,1,1,0
"2085",2085,21,23,19,1,0,1,1,1
"2086",2086,21,23,19,0,0,1,1,1
"2087",2087,21,23,19,0,0,1,1,1
"2088",2088,21,23,19,1,0,1,1,0
"2089",2089,21,23,19,1,1,0,1,0
"2090",2090,21,23,19,0,0,1,0,1
"2091",2091,21,23,19,1,0,0,1,0
"2092",2092,21,23,19,1,0,0,1,1
"2093",2093,21,23,19,0,0,0,1,0
"2094",2094,21,23,19,0,0,0,1,0
"2095",2095,21,23,19,0,0,0,1,0
"2096",2096,21,23,19,1,0,1,0,0
"2097",2097,21,23,19,0,0,1,1,0
"2098",2098,21,23,19,1,0,1,1,1
"2099",2099,21,23,19,1,1,1,0,1
"2100",2100,21,23,19,1,0,1,1,0
"2101",2101,22,23,23,0,0,0,0,0
"2102",2102,22,23,23,0,0,1,0,0
"2103",2103,22,23,23,1,0,0,1,0
"2104",2104,22,23,23,1,0,1,1,1
"2105",2105,22,23,23,0,1,0,1,1
"2106",2106,22,23,23,0,0,1,1,1
"2107",2107,22,23,23,0,0,0,1,1
"2108",2108,22,23,23,0,0,0,0,0
"2109",2109,22,23,23,0,0,1,1,0
"2110",2110,22,23,23,0,0,0,1,1
"2111",2111,22,23,23,1,0,1,0,1
"2112",2112,22,23,23,1,0,1,1,1
"2113",2113,22,23,23,1,0,1,1,1
"2114",2114,22,23,23,0,0,1,1,1
"2115",2115,22,23,23,1,0,1,1,0
"2116",2116,22,23,23,0,0,1,1,0
"2117",2117,22,23,23,0,0,1,1,0
"2118",2118,22,23,23,1,0,1,1,1
"2119",2119,22,23,23,1,0,1,0,1
"2120",2120,22,23,23,0,0,0,1,0
"2121",2121,22,23,23,0,0,0,1,1
"2122",2122,22,23,23,0,0,1,1,1
"2123",2123,22,23,23,0,0,1,1,1
"2124",2124,22,23,23,0,0,1,1,1
"2125",2125,22,23,23,1,0,1,1,0
"2126",2126,22,23,23,1,0,1,1,0
"2127",2127,22,23,23,0,0,0,0,1
"2128",2128,22,23,23,0,0,1,1,1
"2129",2129,22,23,23,1,0,0,0,1
"2130",2130,22,23,23,0,0,1,1,0
"2131",2131,22,23,23,1,0,1,1,1
"2132",2132,22,23,23,0,0,1,1,0
"2133",2133,22,23,23,1,0,0,0,0
"2134",2134,22,23,23,0,0,1,1,1
"2135",2135,22,23,23,0,0,1,0,1
"2136",2136,22,23,23,0,0,0,0,0
"2137",2137,22,23,23,0,0,0,1,1
"2138",2138,22,23,23,0,0,1,1,1
"2139",2139,22,23,23,1,0,0,1,0
"2140",2140,22,23,23,1,0,0,1,0
"2141",2141,22,23,23,1,0,0,1,1
"2142",2142,22,23,23,0,0,1,1,1
"2143",2143,22,23,23,0,0,1,1,0
"2144",2144,22,23,23,0,0,0,0,0
"2145",2145,22,23,23,1,0,0,1,1
"2146",2146,22,23,23,1,0,1,1,1
"2147",2147,22,23,23,0,0,1,1,1
"2148",2148,22,23,23,0,0,0,1,1
"2149",2149,22,23,23,0,0,0,1,1
"2150",2150,22,23,23,0,0,1,1,0
"2151",2151,22,23,23,0,0,0,1,0
"2152",2152,22,23,23,1,0,1,1,0
"2153",2153,22,23,23,0,0,1,1,0
"2154",2154,22,23,23,1,0,0,1,0
"2155",2155,22,23,23,1,0,1,1,1
"2156",2156,22,23,23,0,0,1,1,1
"2157",2157,22,23,23,1,1,1,1,1
"2158",2158,22,23,23,1,0,0,1,1
"2159",2159,22,23,23,0,0,1,1,1
"2160",2160,22,23,23,0,0,1,1,0
"2161",2161,22,23,23,0,0,0,1,1
"2162",2162,22,23,23,0,0,1,1,1
"2163",2163,22,23,23,0,0,1,1,1
"2164",2164,22,23,23,0,0,0,1,1
"2165",2165,22,23,23,1,0,0,0,1
"2166",2166,22,23,23,1,0,0,1,0
"2167",2167,22,23,23,0,0,1,1,1
"2168",2168,22,23,23,0,0,1,0,1
"2169",2169,22,23,23,0,0,1,1,1
"2170",2170,22,23,23,0,0,0,1,0
"2171",2171,22,23,23,1,0,1,1,0
"2172",2172,22,23,23,0,0,1,1,0
"2173",2173,22,23,23,1,0,1,1,0
"2174",2174,22,23,23,0,0,1,1,1
"2175",2175,22,23,23,1,0,1,1,0
"2176",2176,22,23,23,0,0,0,0,0
"2177",2177,22,23,23,0,0,1,1,1
"2178",2178,22,23,23,0,0,0,0,1
"2179",2179,22,23,23,0,0,0,1,1
"2180",2180,22,23,23,1,0,0,1,1
"2181",2181,22,23,23,0,0,0,0,1
"2182",2182,22,23,23,1,0,1,1,1
"2183",2183,22,23,23,0,0,0,1,1
"2184",2184,22,23,23,0,0,0,1,1
"2185",2185,22,23,23,0,0,0,0,0
"2186",2186,22,23,23,1,0,0,1,0
"2187",2187,22,23,23,1,0,1,1,1
"2188",2188,22,23,23,0,0,1,1,0
"2189",2189,22,23,23,0,0,0,1,0
"2190",2190,22,23,23,0,0,0,1,0
"2191",2191,22,23,23,1,0,1,0,0
"2192",2192,22,23,23,0,0,0,0,0
"2193",2193,22,23,23,0,0,0,1,1
"2194",2194,22,23,23,1,0,0,1,1
"2195",2195,22,23,23,0,0,1,1,1
"2196",2196,22,23,23,0,0,1,1,0
"2197",2197,22,23,23,1,0,1,0,1
"2198",2198,22,23,23,0,0,0,1,0
"2199",2199,22,23,23,1,0,0,1,0
"2200",2200,22,23,23,1,0,1,0,1
"2201",2201,23,21,27,0,0,0,1,0
"2202",2202,23,21,27,0,0,1,1,0
"2203",2203,23,21,27,0,0,1,0,1
"2204",2204,23,21,27,0,0,1,1,1
"2205",2205,23,21,27,0,0,1,1,1
"2206",2206,23,21,27,1,0,1,0,1
"2207",2207,23,21,27,0,0,1,1,1
"2208",2208,23,21,27,0,0,0,0,1
"2209",2209,23,21,27,1,0,1,1,0
"2210",2210,23,21,27,0,0,0,1,0
"2211",2211,23,21,27,0,0,1,1,0
"2212",2212,23,21,27,1,0,1,1,1
"2213",2213,23,21,27,0,0,1,0,0
"2214",2214,23,21,27,1,0,1,1,0
"2215",2215,23,21,27,0,0,1,1,1
"2216",2216,23,21,27,1,0,1,1,1
"2217",2217,23,21,27,0,0,1,1,0
"2218",2218,23,21,27,1,0,1,1,1
"2219",2219,23,21,27,0,0,0,1,0
"2220",2220,23,21,27,0,0,1,1,0
"2221",2221,23,21,27,0,1,1,1,1
"2222",2222,23,21,27,0,0,1,0,1
"2223",2223,23,21,27,1,0,1,1,0
"2224",2224,23,21,27,0,0,1,0,0
"2225",2225,23,21,27,1,0,0,1,1
"2226",2226,23,21,27,1,0,1,1,0
"2227",2227,23,21,27,0,0,1,1,1
"2228",2228,23,21,27,1,0,1,1,1
"2229",2229,23,21,27,1,0,1,1,1
"2230",2230,23,21,27,1,0,1,0,1
"2231",2231,23,21,27,1,1,0,1,0
"2232",2232,23,21,27,1,0,1,1,0
"2233",2233,23,21,27,1,0,1,1,1
"2234",2234,23,21,27,0,0,1,1,1
"2235",2235,23,21,27,1,0,1,1,1
"2236",2236,23,21,27,0,0,1,0,0
"2237",2237,23,21,27,0,0,0,0,1
"2238",2238,23,21,27,1,0,0,1,0
"2239",2239,23,21,27,1,0,1,0,1
"2240",2240,23,21,27,1,0,1,1,0
"2241",2241,23,21,27,0,0,1,0,1
"2242",2242,23,21,27,0,0,1,1,0
"2243",2243,23,21,27,0,0,1,1,1
"2244",2244,23,21,27,0,0,0,1,1
"2245",2245,23,21,27,0,0,1,1,0
"2246",2246,23,21,27,1,0,0,1,1
"2247",2247,23,21,27,0,0,1,1,0
"2248",2248,23,21,27,0,0,1,1,1
"2249",2249,23,21,27,0,0,0,1,1
"2250",2250,23,21,27,1,0,0,0,1
"2251",2251,23,21,27,1,0,1,1,0
"2252",2252,23,21,27,0,0,1,1,1
"2253",2253,23,21,27,1,0,0,1,0
"2254",2254,23,21,27,0,0,1,1,1
"2255",2255,23,21,27,1,0,1,1,0
"2256",2256,23,21,27,1,0,1,1,1
"2257",2257,23,21,27,1,0,1,1,1
"2258",2258,23,21,27,0,0,1,1,0
"2259",2259,23,21,27,1,0,0,1,0
"2260",2260,23,21,27,0,0,1,1,0
"2261",2261,23,21,27,1,0,0,1,1
"2262",2262,23,21,27,0,0,1,1,0
"2263",2263,23,21,27,0,0,0,1,1
"2264",2264,23,21,27,1,0,0,1,0
"2265",2265,23,21,27,1,0,1,1,0
"2266",2266,23,21,27,0,0,1,0,0
"2267",2267,23,21,27,1,0,0,1,0
"2268",2268,23,21,27,1,1,1,1,1
"2269",2269,23,21,27,0,0,0,1,0
"2270",2270,23,21,27,0,0,0,1,0
"2271",2271,23,21,27,0,0,1,1,1
"2272",2272,23,21,27,1,0,1,1,1
"2273",2273,23,21,27,1,0,0,1,1
"2274",2274,23,21,27,1,0,1,1,1
"2275",2275,23,21,27,0,0,1,1,0
"2276",2276,23,21,27,0,0,1,1,1
"2277",2277,23,21,27,0,0,0,1,0
"2278",2278,23,21,27,0,0,1,1,0
"2279",2279,23,21,27,1,0,1,1,1
"2280",2280,23,21,27,1,0,0,1,1
"2281",2281,23,21,27,1,0,1,1,1
"2282",2282,23,21,27,1,0,1,0,0
"2283",2283,23,21,27,1,0,1,1,0
"2284",2284,23,21,27,0,0,1,1,0
"2285",2285,23,21,27,0,0,1,1,1
"2286",2286,23,21,27,1,0,0,1,1
"2287",2287,23,21,27,0,0,1,1,0
"2288",2288,23,21,27,0,0,1,1,0
"2289",2289,23,21,27,1,1,1,0,1
"2290",2290,23,21,27,1,0,0,0,1
"2291",2291,23,21,27,0,0,1,1,0
"2292",2292,23,21,27,1,0,1,1,0
"2293",2293,23,21,27,1,1,1,1,1
"2294",2294,23,21,27,1,0,0,1,0
"2295",2295,23,21,27,0,0,0,1,0
"2296",2296,23,21,27,1,0,1,1,0
"2297",2297,23,21,27,1,0,1,1,1
"2298",2298,23,21,27,1,1,1,1,1
"2299",2299,23,21,27,0,0,1,1,1
"2300",2300,23,21,27,1,0,1,1,0
"2301",2301,24,18,25,0,0,1,0,1
"2302",2302,24,18,25,0,0,0,1,0
"2303",2303,24,18,25,1,0,1,1,1
"2304",2304,24,18,25,0,0,0,1,0
"2305",2305,24,18,25,1,0,1,1,0
"2306",2306,24,18,25,0,0,0,1,0
"2307",2307,24,18,25,0,1,1,1,0
"2308",2308,24,18,25,0,0,1,1,1
"2309",2309,24,18,25,0,0,0,1,0
"2310",2310,24,18,25,1,0,1,1,1
"2311",2311,24,18,25,0,0,0,1,0
"2312",2312,24,18,25,0,0,1,1,1
"2313",2313,24,18,25,1,0,1,1,0
"2314",2314,24,18,25,0,0,1,0,0
"2315",2315,24,18,25,0,0,0,1,0
"2316",2316,24,18,25,1,0,0,1,1
"2317",2317,24,18,25,1,0,1,0,1
"2318",2318,24,18,25,0,0,1,1,1
"2319",2319,24,18,25,0,0,0,0,0
"2320",2320,24,18,25,0,0,1,1,0
"2321",2321,24,18,25,1,0,1,1,1
"2322",2322,24,18,25,0,0,0,1,0
"2323",2323,24,18,25,0,0,0,1,0
"2324",2324,24,18,25,0,0,0,1,1
"2325",2325,24,18,25,0,0,0,0,1
"2326",2326,24,18,25,0,0,1,1,0
"2327",2327,24,18,25,0,0,1,1,1
"2328",2328,24,18,25,0,0,1,1,0
"2329",2329,24,18,25,1,0,0,1,0
"2330",2330,24,18,25,1,0,1,1,0
"2331",2331,24,18,25,0,0,1,0,1
"2332",2332,24,18,25,0,0,1,1,0
"2333",2333,24,18,25,0,1,0,1,1
"2334",2334,24,18,25,0,0,1,1,1
"2335",2335,24,18,25,1,0,0,1,0
"2336",2336,24,18,25,0,0,1,0,1
"2337",2337,24,18,25,0,1,1,1,0
"2338",2338,24,18,25,1,0,0,1,1
"2339",2339,24,18,25,0,0,1,1,0
"2340",2340,24,18,25,0,1,1,0,1
"2341",2341,24,18,25,0,0,1,1,1
"2342",2342,24,18,25,0,0,1,1,1
"2343",2343,24,18,25,1,1,1,0,1
"2344",2344,24,18,25,0,0,1,1,1
"2345",2345,24,18,25,1,0,1,0,0
"2346",2346,24,18,25,0,0,1,1,1
"2347",2347,24,18,25,0,0,0,1,0
"2348",2348,24,18,25,0,0,0,0,1
"2349",2349,24,18,25,1,0,1,1,0
"2350",2350,24,18,25,1,0,1,1,0
"2351",2351,24,18,25,0,0,1,1,0
"2352",2352,24,18,25,0,0,1,1,0
"2353",2353,24,18,25,0,0,1,1,0
"2354",2354,24,18,25,1,0,1,1,1
"2355",2355,24,18,25,0,0,1,1,0
"2356",2356,24,18,25,0,0,1,0,0
"2357",2357,24,18,25,0,0,1,1,0
"2358",2358,24,18,25,0,0,1,1,0
"2359",2359,24,18,25,1,0,1,1,0
"2360",2360,24,18,25,0,0,0,1,0
"2361",2361,24,18,25,0,0,1,1,1
"2362",2362,24,18,25,0,0,1,1,1
"2363",2363,24,18,25,0,0,1,0,1
"2364",2364,24,18,25,0,0,0,1,1
"2365",2365,24,18,25,1,0,0,1,0
"2366",2366,24,18,25,0,0,0,1,1
"2367",2367,24,18,25,0,0,1,0,1
"2368",2368,24,18,25,0,0,1,1,0
"2369",2369,24,18,25,1,0,1,1,1
"2370",2370,24,18,25,0,0,1,1,0
"2371",2371,24,18,25,0,0,1,1,1
"2372",2372,24,18,25,0,0,1,1,0
"2373",2373,24,18,25,1,0,0,0,1
"2374",2374,24,18,25,1,0,1,1,0
"2375",2375,24,18,25,0,0,1,1,1
"2376",2376,24,18,25,0,0,1,1,1
"2377",2377,24,18,25,1,0,1,1,1
"2378",2378,24,18,25,0,0,1,0,0
"2379",2379,24,18,25,0,0,0,0,0
"2380",2380,24,18,25,0,0,1,1,0
"2381",2381,24,18,25,0,0,1,1,0
"2382",2382,24,18,25,1,0,1,1,1
"2383",2383,24,18,25,0,0,0,1,1
"2384",2384,24,18,25,1,0,0,1,1
"2385",2385,24,18,25,0,0,1,1,1
"2386",2386,24,18,25,1,0,1,1,1
"2387",2387,24,18,25,1,0,1,1,1
"2388",2388,24,18,25,0,0,0,1,0
"2389",2389,24,18,25,1,1,1,1,1
"2390",2390,24,18,25,0,0,0,1,0
"2391",2391,24,18,25,1,0,0,1,0
"2392",2392,24,18,25,0,0,1,1,1
"2393",2393,24,18,25,0,0,1,0,0
"2394",2394,24,18,25,0,0,1,1,0
"2395",2395,24,18,25,0,1,0,1,1
"2396",2396,24,18,25,0,0,1,1,0
"2397",2397,24,18,25,1,0,0,1,1
"2398",2398,24,18,25,1,0,0,0,0
"2399",2399,24,18,25,1,0,1,1,1
"2400",2400,24,18,25,0,0,1,1,0
"2401",2401,25,22,21,1,0,1,1,0
"2402",2402,25,22,21,0,0,0,1,0
"2403",2403,25,22,21,0,0,0,1,1
"2404",2404,25,22,21,1,0,1,1,0
"2405",2405,25,22,21,0,0,1,1,0
"2406",2406,25,22,21,0,0,0,1,0
"2407",2407,25,22,21,1,0,1,1,0
"2408",2408,25,22,21,0,0,1,1,1
"2409",2409,25,22,21,0,0,0,1,1
"2410",2410,25,22,21,1,0,1,1,1
"2411",2411,25,22,21,0,0,0,1,0
"2412",2412,25,22,21,0,0,1,1,0
"2413",2413,25,22,21,1,0,1,1,1
"2414",2414,25,22,21,1,0,0,1,1
"2415",2415,25,22,21,0,0,1,0,1
"2416",2416,25,22,21,1,0,1,0,1
"2417",2417,25,22,21,0,0,1,1,1
"2418",2418,25,22,21,0,0,1,1,0
"2419",2419,25,22,21,1,0,0,1,0
"2420",2420,25,22,21,1,0,1,0,1
"2421",2421,25,22,21,1,0,0,1,1
"2422",2422,25,22,21,1,0,1,1,1
"2423",2423,25,22,21,1,0,0,1,0
"2424",2424,25,22,21,1,0,1,1,0
"2425",2425,25,22,21,1,0,1,0,0
"2426",2426,25,22,21,1,0,1,0,1
"2427",2427,25,22,21,1,0,0,1,1
"2428",2428,25,22,21,0,1,1,1,1
"2429",2429,25,22,21,0,0,1,1,0
"2430",2430,25,22,21,0,0,0,0,1
"2431",2431,25,22,21,0,0,1,0,1
"2432",2432,25,22,21,1,0,1,1,0
"2433",2433,25,22,21,1,0,1,1,1
"2434",2434,25,22,21,0,0,1,1,1
"2435",2435,25,22,21,0,0,0,0,1
"2436",2436,25,22,21,0,0,1,1,0
"2437",2437,25,22,21,0,0,1,1,1
"2438",2438,25,22,21,0,0,1,1,0
"2439",2439,25,22,21,0,0,1,1,0
"2440",2440,25,22,21,0,0,1,1,1
"2441",2441,25,22,21,0,0,0,0,0
"2442",2442,25,22,21,1,0,1,1,1
"2443",2443,25,22,21,0,0,0,1,0
"2444",2444,25,22,21,0,0,0,1,0
"2445",2445,25,22,21,0,0,1,1,1
"2446",2446,25,22,21,0,0,1,1,0
"2447",2447,25,22,21,1,0,0,1,0
"2448",2448,25,22,21,0,0,1,1,0
"2449",2449,25,22,21,0,0,1,1,0
"2450",2450,25,22,21,0,1,0,1,0
"2451",2451,25,22,21,0,0,1,1,1
"2452",2452,25,22,21,0,0,1,0,1
"2453",2453,25,22,21,0,0,1,0,0
"2454",2454,25,22,21,0,0,0,1,0
"2455",2455,25,22,21,0,0,1,1,1
"2456",2456,25,22,21,0,0,1,0,1
"2457",2457,25,22,21,0,0,1,1,0
"2458",2458,25,22,21,0,0,1,1,0
"2459",2459,25,22,21,0,0,0,1,0
"2460",2460,25,22,21,0,1,1,1,1
"2461",2461,25,22,21,0,0,1,1,0
"2462",2462,25,22,21,1,0,1,0,1
"2463",2463,25,22,21,1,0,0,1,0
"2464",2464,25,22,21,0,0,1,0,1
"2465",2465,25,22,21,0,0,1,1,0
"2466",2466,25,22,21,1,0,1,1,1
"2467",2467,25,22,21,1,0,0,1,1
"2468",2468,25,22,21,0,0,1,1,0
"2469",2469,25,22,21,1,0,1,1,1
"2470",2470,25,22,21,0,0,0,1,1
"2471",2471,25,22,21,1,0,1,1,0
"2472",2472,25,22,21,0,0,0,1,1
"2473",2473,25,22,21,1,0,1,1,1
"2474",2474,25,22,21,0,0,0,1,0
"2475",2475,25,22,21,0,0,0,1,1
"2476",2476,25,22,21,0,0,1,0,1
"2477",2477,25,22,21,0,0,0,0,1
"2478",2478,25,22,21,0,0,0,1,1
"2479",2479,25,22,21,1,0,1,0,1
"2480",2480,25,22,21,0,0,1,1,0
"2481",2481,25,22,21,1,0,0,1,0
"2482",2482,25,22,21,0,0,0,0,1
"2483",2483,25,22,21,1,0,0,0,1
"2484",2484,25,22,21,0,0,0,1,1
"2485",2485,25,22,21,1,0,1,0,1
"2486",2486,25,22,21,0,0,1,1,1
"2487",2487,25,22,21,0,0,0,1,0
"2488",2488,25,22,21,0,0,1,1,1
"2489",2489,25,22,21,0,0,1,0,0
"2490",2490,25,22,21,0,0,0,1,0
"2491",2491,25,22,21,1,0,1,1,1
"2492",2492,25,22,21,1,0,0,1,0
"2493",2493,25,22,21,0,0,1,0,1
"2494",2494,25,22,21,1,0,1,1,1
"2495",2495,25,22,21,0,0,1,0,0
"2496",2496,25,22,21,0,0,1,0,1
"2497",2497,25,22,21,0,0,1,1,1
"2498",2498,25,22,21,1,0,1,1,1
"2499",2499,25,22,21,1,0,1,0,0
"2500",2500,25,22,21,0,0,1,1,1
"2501",2501,26,29,25,0,0,1,0,1
"2502",2502,26,29,25,1,0,1,0,1
"2503",2503,26,29,25,0,0,0,1,1
"2504",2504,26,29,25,1,0,1,1,1
"2505",2505,26,29,25,0,0,0,1,0
"2506",2506,26,29,25,1,0,0,1,0
"2507",2507,26,29,25,0,0,1,0,1
"2508",2508,26,29,25,1,0,1,0,1
"2509",2509,26,29,25,0,0,1,0,1
"2510",2510,26,29,25,1,0,1,1,1
"2511",2511,26,29,25,1,0,1,1,1
"2512",2512,26,29,25,1,0,0,1,1
"2513",2513,26,29,25,1,1,1,0,1
"2514",2514,26,29,25,0,0,1,1,1
"2515",2515,26,29,25,0,0,1,1,0
"2516",2516,26,29,25,1,0,1,1,0
"2517",2517,26,29,25,1,0,1,1,1
"2518",2518,26,29,25,1,0,1,1,1
"2519",2519,26,29,25,1,0,0,1,0
"2520",2520,26,29,25,0,0,1,0,1
"2521",2521,26,29,25,0,0,1,1,0
"2522",2522,26,29,25,0,0,1,0,1
"2523",2523,26,29,25,0,0,1,1,1
"2524",2524,26,29,25,0,0,1,0,0
"2525",2525,26,29,25,1,0,0,1,1
"2526",2526,26,29,25,0,0,1,1,0
"2527",2527,26,29,25,1,0,1,0,0
"2528",2528,26,29,25,0,0,1,1,1
"2529",2529,26,29,25,1,0,1,1,0
"2530",2530,26,29,25,0,0,0,1,1
"2531",2531,26,29,25,1,0,1,1,0
"2532",2532,26,29,25,0,0,1,0,0
"2533",2533,26,29,25,1,0,0,1,1
"2534",2534,26,29,25,0,0,0,1,1
"2535",2535,26,29,25,0,0,0,0,1
"2536",2536,26,29,25,0,0,1,1,0
"2537",2537,26,29,25,1,0,1,1,0
"2538",2538,26,29,25,1,0,0,1,1
"2539",2539,26,29,25,0,0,0,1,1
"2540",2540,26,29,25,0,0,1,1,1
"2541",2541,26,29,25,0,0,1,1,1
"2542",2542,26,29,25,0,0,1,1,1
"2543",2543,26,29,25,1,0,0,0,1
"2544",2544,26,29,25,1,0,1,1,1
"2545",2545,26,29,25,1,0,0,1,0
"2546",2546,26,29,25,1,0,1,0,0
"2547",2547,26,29,25,1,0,0,1,1
"2548",2548,26,29,25,0,0,0,1,0
"2549",2549,26,29,25,0,0,0,1,1
"2550",2550,26,29,25,0,0,1,0,1
"2551",2551,26,29,25,0,0,0,1,1
"2552",2552,26,29,25,0,0,1,0,1
"2553",2553,26,29,25,1,0,1,0,1
"2554",2554,26,29,25,0,0,1,1,1
"2555",2555,26,29,25,0,0,1,1,0
"2556",2556,26,29,25,1,1,0,1,1
"2557",2557,26,29,25,0,0,1,1,1
"2558",2558,26,29,25,1,0,1,0,0
"2559",2559,26,29,25,1,0,0,0,1
"2560",2560,26,29,25,0,0,1,0,1
"2561",2561,26,29,25,0,0,1,1,1
"2562",2562,26,29,25,0,0,0,1,0
"2563",2563,26,29,25,1,0,1,0,0
"2564",2564,26,29,25,0,0,1,1,1
"2565",2565,26,29,25,1,0,0,1,1
"2566",2566,26,29,25,1,0,1,1,0
"2567",2567,26,29,25,0,1,1,1,1
"2568",2568,26,29,25,1,0,1,1,0
"2569",2569,26,29,25,0,0,0,1,0
"2570",2570,26,29,25,0,0,1,0,1
"2571",2571,26,29,25,0,0,0,1,1
"2572",2572,26,29,25,1,1,1,1,1
"2573",2573,26,29,25,1,0,0,1,1
"2574",2574,26,29,25,0,0,1,1,1
"2575",2575,26,29,25,0,0,0,1,0
"2576",2576,26,29,25,0,0,0,1,0
"2577",2577,26,29,25,1,0,1,1,0
"2578",2578,26,29,25,0,0,1,0,1
"2579",2579,26,29,25,0,0,1,1,1
"2580",2580,26,29,25,1,0,1,1,1
"2581",2581,26,29,25,0,0,0,0,0
"2582",2582,26,29,25,1,0,1,0,1
"2583",2583,26,29,25,1,0,1,0,1
"2584",2584,26,29,25,1,0,0,1,0
"2585",2585,26,29,25,1,0,1,1,0
"2586",2586,26,29,25,0,0,1,1,0
"2587",2587,26,29,25,0,0,1,1,1
"2588",2588,26,29,25,1,0,0,1,0
"2589",2589,26,29,25,1,0,0,1,1
"2590",2590,26,29,25,0,0,0,1,0
"2591",2591,26,29,25,1,0,1,1,1
"2592",2592,26,29,25,1,0,1,1,0
"2593",2593,26,29,25,0,0,1,1,1
"2594",2594,26,29,25,0,0,0,1,1
"2595",2595,26,29,25,1,0,0,1,1
"2596",2596,26,29,25,1,0,0,1,1
"2597",2597,26,29,25,0,0,0,0,0
"2598",2598,26,29,25,1,0,1,1,1
"2599",2599,26,29,25,0,1,1,1,1
"2600",2600,26,29,25,1,0,1,1,0
"2601",2601,27,25,25,1,0,1,1,1
"2602",2602,27,25,25,1,0,1,1,1
"2603",2603,27,25,25,0,0,1,1,0
"2604",2604,27,25,25,0,0,1,1,0
"2605",2605,27,25,25,1,0,1,0,1
"2606",2606,27,25,25,0,0,0,1,0
"2607",2607,27,25,25,0,0,0,0,1
"2608",2608,27,25,25,1,0,1,1,1
"2609",2609,27,25,25,1,0,1,1,0
"2610",2610,27,25,25,0,0,0,0,1
"2611",2611,27,25,25,0,0,1,1,1
"2612",2612,27,25,25,1,0,0,0,1
"2613",2613,27,25,25,0,0,1,1,0
"2614",2614,27,25,25,1,0,1,1,0
"2615",2615,27,25,25,0,0,0,1,0
"2616",2616,27,25,25,1,0,1,1,1
"2617",2617,27,25,25,0,0,1,0,1
"2618",2618,27,25,25,0,0,1,0,1
"2619",2619,27,25,25,0,0,0,1,1
"2620",2620,27,25,25,0,0,0,1,1
"2621",2621,27,25,25,0,0,0,1,1
"2622",2622,27,25,25,0,0,0,1,0
"2623",2623,27,25,25,0,0,1,1,1
"2624",2624,27,25,25,0,0,1,0,1
"2625",2625,27,25,25,1,0,0,1,0
"2626",2626,27,25,25,1,0,1,1,0
"2627",2627,27,25,25,0,0,0,1,1
"2628",2628,27,25,25,0,0,0,0,1
"2629",2629,27,25,25,1,0,1,1,0
"2630",2630,27,25,25,1,0,0,1,0
"2631",2631,27,25,25,1,0,0,1,1
"2632",2632,27,25,25,0,0,1,1,1
"2633",2633,27,25,25,0,0,0,1,1
"2634",2634,27,25,25,1,0,1,1,0
"2635",2635,27,25,25,0,0,1,0,0
"2636",2636,27,25,25,1,0,1,1,1
"2637",2637,27,25,25,0,1,1,0,0
"2638",2638,27,25,25,1,0,0,1,0
"2639",2639,27,25,25,1,0,0,1,0
"2640",2640,27,25,25,1,0,1,1,1
"2641",2641,27,25,25,1,0,1,0,1
"2642",2642,27,25,25,1,0,0,1,1
"2643",2643,27,25,25,0,0,0,0,0
"2644",2644,27,25,25,0,0,0,0,1
"2645",2645,27,25,25,0,0,1,1,1
"2646",2646,27,25,25,0,0,0,1,1
"2647",2647,27,25,25,1,0,1,1,1
"2648",2648,27,25,25,1,0,1,1,0
"2649",2649,27,25,25,0,0,0,1,0
"2650",2650,27,25,25,0,0,0,1,0
"2651",2651,27,25,25,0,0,0,1,1
"2652",2652,27,25,25,0,0,1,1,0
"2653",2653,27,25,25,1,0,1,1,1
"2654",2654,27,25,25,1,0,0,1,1
"2655",2655,27,25,25,0,0,0,1,1
"2656",2656,27,25,25,0,0,1,1,0
"2657",2657,27,25,25,1,0,0,1,0
"2658",2658,27,25,25,1,1,1,1,1
"2659",2659,27,25,25,1,0,1,1,1
"2660",2660,27,25,25,0,0,1,1,1
"2661",2661,27,25,25,0,0,1,1,0
"2662",2662,27,25,25,0,0,0,1,1
"2663",2663,27,25,25,0,0,1,1,1
"2664",2664,27,25,25,0,1,0,0,0
"2665",2665,27,25,25,1,0,1,1,1
"2666",2666,27,25,25,0,0,1,1,0
"2667",2667,27,25,25,0,0,1,1,1
"2668",2668,27,25,25,0,0,0,0,1
"2669",2669,27,25,25,0,0,1,1,1
"2670",2670,27,25,25,0,0,1,1,1
"2671",2671,27,25,25,0,0,0,1,1
"2672",2672,27,25,25,1,0,1,1,1
"2673",2673,27,25,25,0,0,0,1,1
"2674",2674,27,25,25,0,0,1,1,1
"2675",2675,27,25,25,1,0,1,1,1
"2676",2676,27,25,25,1,0,1,1,1
"2677",2677,27,25,25,0,0,1,1,1
"2678",2678,27,25,25,1,0,1,1,1
"2679",2679,27,25,25,1,0,1,1,1
"2680",2680,27,25,25,0,0,1,1,1
"2681",2681,27,25,25,1,1,1,1,1
"2682",2682,27,25,25,1,0,1,0,1
"2683",2683,27,25,25,1,0,0,0,1
"2684",2684,27,25,25,0,0,1,1,1
"2685",2685,27,25,25,1,0,0,0,1
"2686",2686,27,25,25,0,0,1,0,1
"2687",2687,27,25,25,0,0,1,1,1
"2688",2688,27,25,25,0,0,1,0,1
"2689",2689,27,25,25,0,0,1,0,1
"2690",2690,27,25,25,0,0,0,1,0
"2691",2691,27,25,25,0,0,1,1,0
"2692",2692,27,25,25,0,0,1,0,0
"2693",2693,27,25,25,1,0,0,1,0
"2694",2694,27,25,25,1,0,0,0,0
"2695",2695,27,25,25,1,0,1,1,1
"2696",2696,27,25,25,1,0,0,0,0
"2697",2697,27,25,25,0,0,1,1,1
"2698",2698,27,25,25,0,0,1,1,1
"2699",2699,27,25,25,1,0,1,1,1
"2700",2700,27,25,25,0,0,0,1,0
"2701",2701,28,31,28,0,0,1,0,0
"2702",2702,28,31,28,0,0,0,1,0
"2703",2703,28,31,28,1,0,1,1,0
"2704",2704,28,31,28,0,0,1,1,1
"2705",2705,28,31,28,0,0,0,0,1
"2706",2706,28,31,28,0,0,1,1,1
"2707",2707,28,31,28,0,0,1,1,0
"2708",2708,28,31,28,1,0,0,1,1
"2709",2709,28,31,28,0,0,1,1,0
"2710",2710,28,31,28,1,1,1,1,0
"2711",2711,28,31,28,0,0,1,1,1
"2712",2712,28,31,28,1,0,1,0,1
"2713",2713,28,31,28,1,0,1,1,0
"2714",2714,28,31,28,0,0,0,1,0
"2715",2715,28,31,28,0,0,0,1,1
"2716",2716,28,31,28,1,0,1,1,1
"2717",2717,28,31,28,0,0,0,1,0
"2718",2718,28,31,28,0,0,1,1,1
"2719",2719,28,31,28,1,0,1,1,0
"2720",2720,28,31,28,1,0,1,0,1
"2721",2721,28,31,28,1,0,1,0,1
"2722",2722,28,31,28,1,0,0,0,0
"2723",2723,28,31,28,0,0,1,1,1
"2724",2724,28,31,28,0,0,0,1,0
"2725",2725,28,31,28,0,0,1,1,1
"2726",2726,28,31,28,1,0,0,0,0
"2727",2727,28,31,28,0,0,1,1,0
"2728",2728,28,31,28,1,0,1,1,1
"2729",2729,28,31,28,0,0,1,1,0
"2730",2730,28,31,28,0,0,0,0,1
"2731",2731,28,31,28,0,0,1,1,0
"2732",2732,28,31,28,1,0,1,1,0
"2733",2733,28,31,28,0,0,0,1,1
"2734",2734,28,31,28,1,0,0,0,0
"2735",2735,28,31,28,0,0,1,1,1
"2736",2736,28,31,28,1,0,1,1,1
"2737",2737,28,31,28,0,0,0,1,0
"2738",2738,28,31,28,0,0,0,1,0
"2739",2739,28,31,28,1,0,0,0,1
"2740",2740,28,31,28,1,0,0,1,0
"2741",2741,28,31,28,0,0,1,0,0
"2742",2742,28,31,28,0,0,1,1,0
"2743",2743,28,31,28,0,0,1,1,0
"2744",2744,28,31,28,0,0,1,1,1
"2745",2745,28,31,28,1,0,1,1,1
"2746",2746,28,31,28,0,0,0,1,1
"2747",2747,28,31,28,0,0,0,1,0
"2748",2748,28,31,28,1,0,1,1,1
"2749",2749,28,31,28,0,0,1,1,0
"2750",2750,28,31,28,1,0,1,1,0
"2751",2751,28,31,28,0,0,1,0,1
"2752",2752,28,31,28,0,0,0,0,1
"2753",2753,28,31,28,0,0,1,0,1
"2754",2754,28,31,28,0,0,1,1,1
"2755",2755,28,31,28,0,0,0,1,1
"2756",2756,28,31,28,0,0,0,0,1
"2757",2757,28,31,28,1,0,0,1,1
"2758",2758,28,31,28,0,0,1,1,0
"2759",2759,28,31,28,0,0,0,1,1
"2760",2760,28,31,28,1,0,1,1,1
"2761",2761,28,31,28,0,0,1,1,0
"2762",2762,28,31,28,0,0,0,1,0
"2763",2763,28,31,28,0,0,1,1,0
"2764",2764,28,31,28,1,0,1,0,1
"2765",2765,28,31,28,1,0,1,1,1
"2766",2766,28,31,28,0,0,1,1,0
"2767",2767,28,31,28,0,0,0,1,1
"2768",2768,28,31,28,0,0,0,1,0
"2769",2769,28,31,28,0,0,1,1,1
"2770",2770,28,31,28,0,0,0,1,1
"2771",2771,28,31,28,1,0,0,1,1
"2772",2772,28,31,28,1,0,0,1,1
"2773",2773,28,31,28,0,0,1,1,1
"2774",2774,28,31,28,0,0,0,0,1
"2775",2775,28,31,28,0,0,1,1,1
"2776",2776,28,31,28,1,0,1,1,1
"2777",2777,28,31,28,1,0,1,1,1
"2778",2778,28,31,28,1,0,0,1,0
"2779",2779,28,31,28,1,0,1,1,0
"2780",2780,28,31,28,1,0,1,1,0
"2781",2781,28,31,28,1,0,0,1,0
"2782",2782,28,31,28,0,0,1,1,0
"2783",2783,28,31,28,0,0,1,1,0
"2784",2784,28,31,28,0,0,1,1,0
"2785",2785,28,31,28,0,0,1,1,1
"2786",2786,28,31,28,0,0,1,1,0
"2787",2787,28,31,28,1,0,1,1,0
"2788",2788,28,31,28,0,0,0,1,0
"2789",2789,28,31,28,0,0,1,1,1
"2790",2790,28,31,28,0,0,1,1,0
"2791",2791,28,31,28,0,1,1,1,1
"2792",2792,28,31,28,1,0,1,0,1
"2793",2793,28,31,28,0,0,1,1,1
"2794",2794,28,31,28,0,0,0,1,0
"2795",2795,28,31,28,0,0,1,1,0
"2796",2796,28,31,28,1,0,1,1,0
"2797",2797,28,31,28,0,0,0,1,0
"2798",2798,28,31,28,1,0,0,1,0
"2799",2799,28,31,28,0,0,0,1,1
"2800",2800,28,31,28,0,0,1,1,1
"2801",2801,29,29,21,1,0,1,1,0
"2802",2802,29,29,21,0,0,0,1,1
"2803",2803,29,29,21,0,0,0,1,0
"2804",2804,29,29,21,1,0,0,1,0
"2805",2805,29,29,21,0,0,1,1,1
"2806",2806,29,29,21,1,0,1,1,1
"2807",2807,29,29,21,0,0,1,1,0
"2808",2808,29,29,21,0,0,1,1,1
"2809",2809,29,29,21,0,0,1,1,1
"2810",2810,29,29,21,1,0,1,1,0
"2811",2811,29,29,21,0,1,1,1,0
"2812",2812,29,29,21,0,0,1,1,0
"2813",2813,29,29,21,1,0,0,1,1
"2814",2814,29,29,21,0,0,0,1,1
"2815",2815,29,29,21,1,0,1,1,1
"2816",2816,29,29,21,1,0,1,1,0
"2817",2817,29,29,21,1,0,0,1,1
"2818",2818,29,29,21,0,0,1,1,1
"2819",2819,29,29,21,1,0,1,1,1
"2820",2820,29,29,21,1,0,1,1,0
"2821",2821,29,29,21,1,0,1,1,1
"2822",2822,29,29,21,0,0,1,1,1
"2823",2823,29,29,21,0,0,1,1,1
"2824",2824,29,29,21,0,0,1,0,1
"2825",2825,29,29,21,0,0,0,1,1
"2826",2826,29,29,21,0,0,0,0,1
"2827",2827,29,29,21,0,1,1,1,1
"2828",2828,29,29,21,1,0,1,1,1
"2829",2829,29,29,21,0,0,1,1,1
"2830",2830,29,29,21,1,0,1,0,1
"2831",2831,29,29,21,0,0,0,1,1
"2832",2832,29,29,21,1,0,0,1,1
"2833",2833,29,29,21,1,0,1,1,1
"2834",2834,29,29,21,0,0,1,0,1
"2835",2835,29,29,21,0,0,1,1,1
"2836",2836,29,29,21,0,0,0,0,1
"2837",2837,29,29,21,0,0,1,0,0
"2838",2838,29,29,21,1,0,0,0,1
"2839",2839,29,29,21,0,0,0,1,1
"2840",2840,29,29,21,0,0,0,1,1
"2841",2841,29,29,21,0,0,0,0,1
"2842",2842,29,29,21,1,0,1,1,1
"2843",2843,29,29,21,0,0,1,1,1
"2844",2844,29,29,21,1,0,0,1,1
"2845",2845,29,29,21,1,0,0,1,1
"2846",2846,29,29,21,1,0,0,1,1
"2847",2847,29,29,21,1,0,1,1,1
"2848",2848,29,29,21,0,0,1,1,0
"2849",2849,29,29,21,0,0,0,1,0
"2850",2850,29,29,21,0,0,0,1,1
"2851",2851,29,29,21,0,1,1,0,1
"2852",2852,29,29,21,1,0,1,1,0
"2853",2853,29,29,21,1,0,0,0,0
"2854",2854,29,29,21,0,0,1,1,1
"2855",2855,29,29,21,1,0,0,1,0
"2856",2856,29,29,21,0,0,1,1,1
"2857",2857,29,29,21,1,0,1,1,0
"2858",2858,29,29,21,1,0,0,1,1
"2859",2859,29,29,21,0,0,1,1,1
"2860",2860,29,29,21,1,0,0,1,0
"2861",2861,29,29,21,0,0,1,0,1
"2862",2862,29,29,21,0,0,0,1,1
"2863",2863,29,29,21,1,0,0,1,1
"2864",2864,29,29,21,1,0,1,1,0
"2865",2865,29,29,21,1,0,0,1,0
"2866",2866,29,29,21,0,0,0,0,0
"2867",2867,29,29,21,1,0,1,1,1
"2868",2868,29,29,21,0,0,1,1,1
"2869",2869,29,29,21,1,0,0,0,1
"2870",2870,29,29,21,1,0,0,1,1
"2871",2871,29,29,21,0,0,1,1,1
"2872",2872,29,29,21,1,0,1,0,1
"2873",2873,29,29,21,0,0,1,1,1
"2874",2874,29,29,21,0,0,1,1,1
"2875",2875,29,29,21,0,0,0,1,0
"2876",2876,29,29,21,0,0,1,1,1
"2877",2877,29,29,21,1,0,1,0,1
"2878",2878,29,29,21,0,0,0,1,1
"2879",2879,29,29,21,0,0,0,1,1
"2880",2880,29,29,21,1,0,0,1,1
"2881",2881,29,29,21,0,0,1,1,1
"2882",2882,29,29,21,0,0,0,1,1
"2883",2883,29,29,21,1,0,1,1,0
"2884",2884,29,29,21,0,0,1,1,1
"2885",2885,29,29,21,0,0,1,1,0
"2886",2886,29,29,21,0,0,1,1,0
"2887",2887,29,29,21,1,0,1,1,1
"2888",2888,29,29,21,0,0,1,0,0
"2889",2889,29,29,21,1,0,0,1,1
"2890",2890,29,29,21,0,0,1,1,1
"2891",2891,29,29,21,0,0,1,0,1
"2892",2892,29,29,21,0,0,1,0,1
"2893",2893,29,29,21,0,0,1,1,1
"2894",2894,29,29,21,0,0,1,0,1
"2895",2895,29,29,21,0,0,1,1,1
"2896",2896,29,29,21,0,0,1,0,1
"2897",2897,29,29,21,0,0,1,1,1
"2898",2898,29,29,21,1,0,1,1,1
"2899",2899,29,29,21,0,0,1,1,1
"2900",2900,29,29,21,1,0,0,1,1
"2901",2901,30,18,29,0,0,0,0,0
"2902",2902,30,18,29,1,0,1,1,1
"2903",2903,30,18,29,0,0,1,1,1
"2904",2904,30,18,29,0,1,0,1,0
"2905",2905,30,18,29,1,0,1,1,0
"2906",2906,30,18,29,1,0,1,1,1
"2907",2907,30,18,29,1,0,1,1,0
"2908",2908,30,18,29,0,0,1,1,1
"2909",2909,30,18,29,0,0,1,1,1
"2910",2910,30,18,29,1,0,1,0,1
"2911",2911,30,18,29,0,0,1,0,1
"2912",2912,30,18,29,1,0,0,0,1
"2913",2913,30,18,29,0,0,1,1,0
"2914",2914,30,18,29,1,0,0,1,1
"2915",2915,30,18,29,0,0,0,0,1
"2916",2916,30,18,29,0,0,0,1,0
"2917",2917,30,18,29,0,1,0,1,1
"2918",2918,30,18,29,0,0,1,0,1
"2919",2919,30,18,29,0,0,1,1,1
"2920",2920,30,18,29,0,0,1,1,1
"2921",2921,30,18,29,0,0,0,1,1
"2922",2922,30,18,29,1,0,1,1,0
"2923",2923,30,18,29,1,0,1,1,0
"2924",2924,30,18,29,0,0,1,1,1
"2925",2925,30,18,29,1,0,1,1,1
"2926",2926,30,18,29,1,0,1,1,1
"2927",2927,30,18,29,0,0,1,1,0
"2928",2928,30,18,29,0,0,0,1,0
"2929",2929,30,18,29,1,0,0,1,1
"2930",2930,30,18,29,0,0,1,0,0
"2931",2931,30,18,29,1,0,1,0,0
"2932",2932,30,18,29,1,0,1,1,1
"2933",2933,30,18,29,0,0,0,1,0
"2934",2934,30,18,29,0,1,0,0,1
"2935",2935,30,18,29,1,0,1,1,1
"2936",2936,30,18,29,0,0,1,1,0
"2937",2937,30,18,29,1,0,0,1,1
"2938",2938,30,18,29,0,1,0,1,0
"2939",2939,30,18,29,0,0,0,1,0
"2940",2940,30,18,29,1,0,1,1,0
"2941",2941,30,18,29,0,0,0,1,0
"2942",2942,30,18,29,0,0,0,1,0
"2943",2943,30,18,29,0,0,0,1,0
"2944",2944,30,18,29,1,0,1,1,1
"2945",2945,30,18,29,0,0,0,1,0
"2946",2946,30,18,29,0,0,1,1,1
"2947",2947,30,18,29,0,0,0,1,1
"2948",2948,30,18,29,1,0,1,1,1
"2949",2949,30,18,29,0,0,1,0,0
"2950",2950,30,18,29,1,0,0,1,0
"2951",2951,30,18,29,0,0,0,1,0
"2952",2952,30,18,29,0,0,0,1,0
"2953",2953,30,18,29,1,0,0,1,0
"2954",2954,30,18,29,0,0,0,1,1
"2955",2955,30,18,29,0,0,1,1,0
"2956",2956,30,18,29,0,0,1,0,0
"2957",2957,30,18,29,1,0,0,0,1
"2958",2958,30,18,29,0,0,0,1,0
"2959",2959,30,18,29,0,0,1,1,1
"2960",2960,30,18,29,0,0,0,1,1
"2961",2961,30,18,29,0,0,1,1,0
"2962",2962,30,18,29,0,0,0,1,0
"2963",2963,30,18,29,1,0,1,1,1
"2964",2964,30,18,29,0,0,0,1,1
"2965",2965,30,18,29,0,0,1,1,0
"2966",2966,30,18,29,1,0,1,1,1
"2967",2967,30,18,29,0,0,1,1,1
"2968",2968,30,18,29,0,0,1,0,1
"2969",2969,30,18,29,0,0,0,0,0
"2970",2970,30,18,29,0,0,1,1,1
"2971",2971,30,18,29,1,0,1,1,1
"2972",2972,30,18,29,1,0,0,1,0
"2973",2973,30,18,29,1,0,1,0,0
"2974",2974,30,18,29,1,0,1,1,1
"2975",2975,30,18,29,0,0,1,1,1
"2976",2976,30,18,29,1,0,0,1,1
"2977",2977,30,18,29,0,0,1,1,1
"2978",2978,30,18,29,0,0,1,1,1
"2979",2979,30,18,29,0,0,1,1,1
"2980",2980,30,18,29,0,0,1,1,1
"2981",2981,30,18,29,1,0,1,0,1
"2982",2982,30,18,29,0,0,1,1,1
"2983",2983,30,18,29,0,1,1,1,1
"2984",2984,30,18,29,0,0,1,1,1
"2985",2985,30,18,29,0,0,0,1,0
"2986",2986,30,18,29,1,0,1,1,1
"2987",2987,30,18,29,0,0,1,0,1
"2988",2988,30,18,29,0,0,0,1,1
"2989",2989,30,18,29,0,0,0,0,0
"2990",2990,30,18,29,0,0,1,1,1
"2991",2991,30,18,29,1,0,0,0,1
"2992",2992,30,18,29,1,0,1,0,1
"2993",2993,30,18,29,1,1,0,1,1
"2994",2994,30,18,29,0,0,1,1,1
"2995",2995,30,18,29,0,1,1,1,1
"2996",2996,30,18,29,0,0,1,0,0
"2997",2997,30,18,29,0,0,1,1,1
"2998",2998,30,18,29,1,0,1,1,1
"2999",2999,30,18,29,0,0,1,1,0
"3000",3000,30,18,29,0,0,1,0,1
